| NAME OF THE CUSTOMERS | code | ROUTE_CODE | ROUTE | LINK_CODE | LINKS PER ROUTE |
|-----------------------|------|------------|-------|-----------|-----------------|
| ICON FIBER SOLUTION | 37 | R1 | EADC<>RUAI KPLC OFFICE | L1 | EADC<>EMBAKASI SS |
| ICON FIBER SOLUTION | 37 | R1 | EADC<>RUAI KPLC OFFICE | L2 | EMBAKASI SS<>DANDORA SS |
| ICON FIBER SOLUTION | 37 | R1 | EADC<>RUAI KPLC OFFICE | L3 | DANDORA SS<>NCC JUJA RD |
| ICON FIBER SOLUTION | 37 | R1 | EADC<>RUAI KPLC OFFICE | L4 | NCC JUJA RD<>KOMAROCK SS |
| ICON FIBER SOLUTION | 37 | R1 | EADC<>RUAI KPLC OFFICE | L5 | KOMAROCK SS<>RUAI KPLC OFFICE |
| ICON FIBER SOLUTION | 37 | R2 | EADC<>RUIRU SS | L1 | EADC<>NEW INDUSTRIAL |
| ICON FIBER SOLUTION | 37 | R2 | EADC<>RUIRU SS | L2 | NEW INDUSTRIAL<>NAIROBI SOUTH |
| ICON FIBER SOLUTION | 37 | R2 | EADC<>RUIRU SS | L3 | NAIROBI SOUTH<>RUARAKA 132 |
| ICON FIBER SOLUTION | 37 | R2 | EADC<>RUIRU SS | L4 | RUARAKA 132<>RUIRU SS |
| WANANCHI GROUP | 38 | R1 | NAIROBI<>MOMBASA | L1 | EMBAKASI<> DANDORA NCC |
| WANANCHI GROUP | 38 | R1 | NAIROBI<>MOMBASA | L2 | DANDORA<> NCC JUJA RD |
| WANANCHI GROUP | 38 | R1 | NAIROBI<>MOMBASA | L3 | NCC JUJA RD<>KIBOKO SS |
| WANANCHI GROUP | 38 | R1 | NAIROBI<>MOMBASA | L4 | KIBOKO SS<>VOI SS |
| WANANCHI GROUP | 38 | R1 | NAIROBI<>MOMBASA | L5 | VOI SS<>RABAI SS |
| WANANCHI GROUP | 38 | R1 | NAIROBI<>MOMBASA | L6 | RABAI SS<> KIPEVU HT SS |
| WANANCHI GROUP | 38 | R1 | NAIROBI<>MOMBASA | L7 | KIPEVU HT SS<> MAKANDE SS |
| WANANCHI TELECOM | 39 | R1 | NAIROBI<>LESSOS | L1 | EMBAKASI SS<>NAIVASHA SS |
| WANANCHI TELECOM | 39 | R1 | NAIROBI<>LESSOS | L2 | NAIVASHA SS<>LANET SS |
| WANANCHI TELECOM | 39 | R1 | NAIROBI<>LESSOS | L3 | LANET SS<>MAKUTANO SS |
| WANANCHI TELECOM | 39 | R1 | NAIROBI<>LESSOS | L4 | MAKUTANO<>LESSOS SS |
| WANANCHI TELECOM | 39 | R2 | LESSOS<>MUHORONI | L1 | LESSOS<>MUHORONI |
| WANANCHI TELECOM | 39 | R3 | LESSOS<>CHEMOSIT | L1 | LESSOS RC<>MUHORONI SS |
| WANANCHI TELECOM | 39 | R3 | LESSOS<>CHEMOSIT | L2 | MUHORONI SS<>CHEMOSIT |
| WANANCHI TELECOM | 39 | R4 | KISUMU<>UGUNJA | L1 | KISUMU EHSE<>KISUMU EAST SS |
| WANANCHI TELECOM | 39 | R4 | KISUMU<>UGUNJA | L2 | KISUMU EHSE<>KISUMU MAMBOLEO SS |
| WANANCHI TELECOM | 39 | R4 | KISUMU<>UGUNJA | L3 | KISUMU MAMBOLEO SS<>MARAGOLI HILL SS |
| WANANCHI TELECOM | 39 | R4 | KISUMU<>UGUNJA | L4 | MASENO<>NYAMNINA SS |
| WANANCHI TELECOM | 39 | R4 | KISUMU<>UGUNJA | L5 | NYAMNINA SS<>RANGALA SS |
| WANANCHI TELECOM | 39 | R4 | KISUMU<>UGUNJA | L6 | RANGALA SS<>UGUNJA SS |
| WANANCHI TELECOM | 39 | R5 | LESSOS<>TOWER 40 | L1 | LESSOS<>TOWER 40 |
| WANANCHI TELECOM | 39 | R5 | LESSOS<>TOWER 40 | L2 | RIVATEX<>KVDA PLAZA |
| WANANCHI TELECOM | 39 | R6 | NAIROBI<>MOMBASA | L1 | NAIROBI<>MOMBASA |
| AIRTEL NETWORKS KENYA LIMITED | 84 | R2 | LANET<>SOILO<>LESSOS | L1 | LANET SS<>SOILO<>LESSOS SS |
| AIRTEL NETWORKS KENYA LIMITED | 84 | R3 | LESSOS<>KISUMU MAMBOLEO | L1 | LESSOS SS<>KISUMU MAMBOLEO |
| AIRTEL NETWORKS KENYA LIMITED | 84 | R4 | NAIROBI<>LANET | L1 | NAIROBI EMBAKASI SS<>LANET |
| AIRTEL NETWORKS KENYA LIMITED | 84 | R5 | RIVATEX<>LESSOS | L1 | RIVATEX SS<>LESSOS SS |
| AIRTEL NETWORKS KENYA LIMITED | 84 | R6 | RIVERTEX<>KVDAPLAZA | L1 | RIVERTEX SS<>KVDAPLAZA |
| AIRTEL NETWORKS KENYA LIMITED | 84 | R7 | LESSOS<>MACHAKUSI | L1 | LESSOS SS<>MACHAKUSI |
| AIRTEL NETWORKS KENYA LIMITED | 84 | R8 | KVDA PLAZA<>KITALE DEPOT | L1 | KVDA<>ELDORET DEPOT |
| AIRTEL NETWORKS KENYA LIMITED | 84 | R8 | KVDA PLAZA<>KITALE DEPOT | L2 | ELDORET DEPOT<>RIVATEX |
| AIRTEL NETWORKS KENYA LIMITED | 84 | R8 | KVDA PLAZA<>KITALE DEPOT | L3 | RIVATEX SS<>KITALE DEPOT |
| AIRTEL NETWORKS KENYA LIMITED | 84 | R9 | DANDORA SS<>PARKSIDE TOWERS | L1 | DANDORA<>PARKSIDE OVERHEAD |
| AIRTEL NETWORKS KENYA LIMITED | 84 | R10 | DANDORA SS<>MACHAKOS KPLC OFFICE | L1 | DANDORA SS<>JUJA RD |
| AIRTEL NETWORKS KENYA LIMITED | 84 | R10 | DANDORA SS<>MACHAKOS KPLC OFFICE | L2 | JUJA RD<>KONZA SS |
| AIRTEL NETWORKS KENYA LIMITED | 84 | R10 | DANDORA SS<>MACHAKOS KPLC OFFICE | L3 | KONZA SS<>MACHAKOS SS |
| AIRTEL NETWORKS KENYA LIMITED | 84 | R10 | DANDORA SS<>MACHAKOS KPLC OFFICE | L4 | MACHAKOS SS<>MACHAKOS KPLC OFFICE |
| AIRTEL NETWORKS KENYA LIMITED | 84 | R11 | DANDORA SS<>KAMBURU SS | L1 | DANDORA SS<>KAMBURU SS |
| AIRTEL NETWORKS KENYA LIMITED | 84 | R11 | DANDORA SS<>KAMBURU SS | L2 | KAMBURU 220 SS<>KAMBURU 132 SS |
| AIRTEL NETWORKS KENYA LIMITED | 84 | R11 | DANDORA SS<>KAMBURU SS | L3 | KAMBURU 132SS<>KINDARUMA 132 |
| AIRTEL NETWORKS KENYA LIMITED | 84 | R12 | KAMBURU<>KARATINA | L1 | KAMBURU 132<>NEW KUTUS |
| AIRTEL NETWORKS KENYA LIMITED | 84 | R12 | KAMBURU<>KARATINA | L2 | NEW KUTUS SS<>KERUGOYA SS |
| AIRTEL NETWORKS KENYA LIMITED | 84 | R12 | KAMBURU<>KARATINA | L3 | KERUGOYA SS<>KAGUMO SS |
| AIRTEL NETWORKS KENYA LIMITED | 84 | R12 | KAMBURU<>KARATINA | L4 | KAGUMO SS<>KARATINA SS |
| AIRTEL NETWORKS KENYA LIMITED | 84 | R13 | MAKANDE SS<>UKUNDA KPLC OFFICE | L1 | MAKANDE SS<>KIPEVU HILLTOP |
| AIRTEL NETWORKS KENYA LIMITED | 84 | R13 | MAKANDE SS<>UKUNDA KPLC OFFICE | L2 | KIPEVU HILLTOP<>RABAI |
| AIRTEL NETWORKS KENYA LIMITED | 84 | R13 | MAKANDE SS<>UKUNDA KPLC OFFICE | L3 | RABAI<>DIANI SS |
| AIRTEL NETWORKS KENYA LIMITED | 84 | R13 | MAKANDE SS<>UKUNDA KPLC OFFICE | L4 | DIANI SS<>UKUNDA KPLC OFFICE |
| AIRTEL NETWORKS KENYA LIMITED | 84 | R14 | MAKANDE<>MALINDI | L1 | MAKANDE SS<>NYALI SS |
| AIRTEL NETWORKS KENYA LIMITED | 84 | R14 | MAKANDE<>MALINDI | L2 | NYALI SS<>SHANZU SS |
| AIRTEL NETWORKS KENYA LIMITED | 84 | R14 | MAKANDE<>MALINDI | L3 | SHANZU SS<>KANAMAI SS |
| AIRTEL NETWORKS KENYA LIMITED | 84 | R14 | MAKANDE<>MALINDI | L4 | KANAMAI SS<>KILIFI SS |
| AIRTEL NETWORKS KENYA LIMITED | 84 | R14 | MAKANDE<>MALINDI | L5 | KILIFI SS<>GEDE SS |
| AIRTEL NETWORKS KENYA LIMITED | 84 | R14 | MAKANDE<>MALINDI | L6 | GEDE SS<>MALINDI DEPOT |
| AIRTEL NETWORKS KENYA LIMITED | 84 | R15 | LAMU 220KV HINDI<>LAMU 32/11KV MOKOWE | L1 | LAMU 220KV HINDI<>LAMU 32/11KV MOKOWE |
| AIRTEL NETWORKS KENYA LIMITED | 84 | R16 | KERICHO OFF/TOWN<>KERICHO SS | L1 | KERICHO OFF/TOWN<>KERICHO SS |
| AIRTEL NETWORKS KENYA LIMITED | 84 | R17 | KERICHO SS<>CHEMOSIT | L1 | KERICHO SS<>CHEMOSIT |
| JAMII TELECOMMUNICATIONS LTD | 40 | R2 | KERICHO SS<>CHEMOSIT | L1 | NAKURU WEST (SOILO)<>NJORO SS |
| JAMII TELECOMMUNICATIONS LTD | 40 | R2 | KERICHO SS<>CHEMOSIT | L2 | LANET SS<>NAKURU EHOUSE |
| JAMII TELECOMMUNICATIONS LTD | 40 | R3 | E/HOUSE NAKURU<>KABARAK SS | L1 | EHOUSE NAKURU<>NAKURU WEST SS (SOILO) |
| JAMII TELECOMMUNICATIONS LTD | 40 | R3 | E/HOUSE NAKURU<>KABARAK SS | L2 | NAKURU WEST SS (SOILO)<>KABARAK SS |
| JAMII TELECOMMUNICATIONS LTD | 40 | R4 | CHEMOSIT SS<>BOMET OFFICE | L1 | CHEMOSIT SS<>MOGOGOSIEK<>BOMET OFFICE |
| JAMII TELECOMMUNICATIONS LTD | 40 | R4 | CHEMOSIT SS<>BOMET OFFICE | L2 | LITEIN SS<>SOTIK SS |
| JAMII TELECOMMUNICATIONS LTD | 40 | R5 | NAIVASHA 132 SS<>NAROK SS | L1 | NAIVASHA 132KVSS<>SUSWA SS |
| JAMII TELECOMMUNICATIONS LTD | 40 | R5 | NAIVASHA 132 SS<>NAROK SS | L2 | SUSWA SS<>NAROK SS |
| JAMII TELECOMMUNICATIONS LTD | 40 | R5 | NAIVASHA 132 SS<>NAROK SS | L3 | EHOUSE NAKURU<>DEPOT<>NAKURU WEST SS (SOILO) |
| JAMII TELECOMMUNICATIONS LTD | 40 | R6 | MTWAPA OFFICE<>NYALI OFFICE | L1 | KANAMAI<>MTWAPA OFFICE<>SHANZU<>NYALI |
| JAMII TELECOMMUNICATIONS LTD | 40 | R6 | MTWAPA OFFICE<>NYALI OFFICE | L2 | ICOLO (MBA1)<>JOMVU SS |
| JAMII TELECOMMUNICATIONS LTD | 40 | R7 | ICOLO MBA1<>DIGO RD ODF | L1 | JOMVU SS<>RABAI<>KIPEVU<>MAKANDE |
| JAMII TELECOMMUNICATIONS LTD | 40 | R7 | ICOLO MBA1<>DIGO RD ODF | L2 | MAKANDE SS<>MBARAKI SS<>EHOUSE(MBS)<>DIGO RD |
| JAMII TELECOMMUNICATIONS LTD | 40 | R8 | KIPEVU SS<>NYALI CENTER ODF | L1 | KIPEVU SS<>MAKANDE SS |
| JAMII TELECOMMUNICATIONS LTD | 40 | R8 | KIPEVU SS<>NYALI CENTER ODF | L2 | MAKANDE SS<>NYALI CENTER ODF |
| JAMII TELECOMMUNICATIONS LTD | 40 | R9 | KIPEVU SS<>MAKANDE SS | L1 | KIPEVU SS<>MAKANDE SS 4 CORES |
| JAMII TELECOMMUNICATIONS LTD | 40 | R10 | EMBAKASI SS<>NYANYUKI SS | L1 | EMBAKASI SS<>DANDORA SS |
| JAMII TELECOMMUNICATIONS LTD | 40 | R10 | EMBAKASI SS<>NYANYUKI SS | L2 | DANDORA SS<>KAMBURU 220 SS |
| JAMII TELECOMMUNICATIONS LTD | 40 | R10 | EMBAKASI SS<>NYANYUKI SS | L3 | KAMBURU 132 SS<>KIGANJO SS |
| JAMII TELECOMMUNICATIONS LTD | 40 | R10 | EMBAKASI SS<>NYANYUKI SS | L4 | KIGANJO SS<>NANYUKI SS |
| JAMII TELECOMMUNICATIONS LTD | 40 | R11 | KIGANJO SS<>RURINGU SS 4 CORES | L1 | KIGANJO SS<>RURINGU SS 4 CORES |
| JAMII TELECOMMUNICATIONS LTD | 40 | R12 | KIGANJO SS<>RURINGU SS 1 CORE | L1 | KIGANJO SS<>RURINGU SS 1 CORES |
| JAMII TELECOMMUNICATIONS LTD | 40 | R13 | KIGANJO SS<>EMBU OFFICE | L1 | KIGANJO SS<>NEW KUTUS SS<>EMBU TOWN SS<>EMBU KPLC OFFICE |
| JAMII TELECOMMUNICATIONS LTD | 40 | R14 | NEW KUTUS<>NEW OFFICE | L1 | NEW KUTUS SS<>EMBU TOWN OFFICE |
| JAMII TELECOMMUNICATIONS LTD | 40 | R15 | KARATINA SS<>MURANGA OFFICE | L1 | KARATINA SS<>KAGUMO SS<>KERUGOYA SS<>NEW KUTUS SS<>MURANGA OFFICE |
| JAMII TELECOMMUNICATIONS LTD | 40 | R16 | MERU 132<>MERU MERU 2 OFFICE | L1 | MERU 132<>MERU KPLC OFFICE |
| JAMII TELECOMMUNICATIONS LTD | 40 | R17 | NAIROBI MOMBASA (EMBAKASI SS<>KIPEVU SS) | L1 | NAIROBI<>MOMBASA: EMBAKASI SS<>DANDORA SS |
| JAMII TELECOMMUNICATIONS LTD | 40 | R17 | NAIROBI MOMBASA (EMBAKASI SS<>KIPEVU SS) | L2 | NAIROBI<>MOMBASA: DANDORA SS<>JUJA RD SS |
| JAMII TELECOMMUNICATIONS LTD | 40 | R17 | NAIROBI MOMBASA (EMBAKASI SS<>KIPEVU SS) | L3 | NAIROBI<>MOMBASA: JUJA RD SS<>KIBOKO SS |
| JAMII TELECOMMUNICATIONS LTD | 40 | R17 | NAIROBI MOMBASA (EMBAKASI SS<>KIPEVU SS) | L4 | NAIROBI<>MOMBASA: KIBOKO SS<>VOI SS |
| JAMII TELECOMMUNICATIONS LTD | 40 | R17 | NAIROBI MOMBASA (EMBAKASI SS<>KIPEVU SS) | L5 | NAIROBI<>MOMBASA: VOI SS<>RABAI SS |
| JAMII TELECOMMUNICATIONS LTD | 40 | R17 | NAIROBI MOMBASA (EMBAKASI SS<>KIPEVU SS) | L6 | NAIROBI<>MOMBASA: RABAI SS<>KIPEVU SS |
| JAMII TELECOMMUNICATIONS LTD | 40 | R18 | NCC JUJA RD SS<>RUARAKA 132 SS (ROYSAMBU) | L1 | NCC JUJA RD SS<>RUARAKA 132 SS (ROYSAMBU) |
| JAMII TELECOMMUNICATIONS LTD | 40 | R19 | NCC JUJA RD SS<>DANDORA SS | L1 | NCC JUJA RD SS<>DANDORA SS |
| JAMII TELECOMMUNICATIONS LTD | 40 | R20 | EMBAKASI SS<>KITENGELA SS OFFICE | L1 | EMBAKASI SS<>ATHI RIVER<>KITENGELA KPLC OFFICE |
| JAMII TELECOMMUNICATIONS LTD | 40 | R21 | EMBAKASI SS<>MACHAKOS SS | L1 | EMBAKASI SS<>ATHI RIVER SS<>LUKENYA SS<>MACHAKOS SS |
| JAMII TELECOMMUNICATIONS LTD | 40 | R22 | MACHAKOS SS<>MACHAKOS OFFICE | L1 | MACHAKOS SS<>MACHAKOS KPLC OFFICE |
| JAMII TELECOMMUNICATIONS LTD | 40 | R23 | MANGU SS<>MANGU MANGU 1 DEPOCE | L1 | MANGU SS<>THIKA DEPOT |
| JAMII TELECOMMUNICATIONS LTD | 40 | R24 | EMBAKASI SS<>TOWER 40(MACHAKUSI SS) | L1 | EMBAKASI SS<>DANDORA SS |
| JAMII TELECOMMUNICATIONS LTD | 40 | R24 | EMBAKASI SS<>TOWER 40(MACHAKUSI SS) | L2 | DANDORA SS<>NAIVASHA 132 SS |
| JAMII TELECOMMUNICATIONS LTD | 40 | R24 | EMBAKASI SS<>TOWER 40(MACHAKUSI SS) | L3 | NAIVASHA 132 SS<>LANET SS |
| JAMII TELECOMMUNICATIONS LTD | 40 | R24 | EMBAKASI SS<>TOWER 40(MACHAKUSI SS) | L4 | LANET SS<>LESSOS SS |
| JAMII TELECOMMUNICATIONS LTD | 40 | R24 | EMBAKASI SS<>TOWER 40(MACHAKUSI SS) | L5 | LESSOS SS<>MACHAKUSI SS (TOWER 40) |
| JAMII TELECOMMUNICATIONS LTD | 40 | R25 | LESSOS<>ELDORET 132 SS (RIVATEX) | L1 | LESSOS<>ELDORET 132 SS (RIVATEX) |
| JAMII TELECOMMUNICATIONS LTD | 40 | R26 | LESSOS SS<>KISUMU 132 SS(MAMBOLEO) | L1 | LESSOS SS<>MUHORONI SS<>KISUMU 132 SS (MAMBOLEO) |
| JAMII TELECOMMUNICATIONS LTD | 40 | R27 | LESSOS SS<>KAPSABET SS | L1 | LESSOS SS<>KAPSABET SS |
| JAMII TELECOMMUNICATIONS LTD | 40 | R28 | RIVATEX SS<>ITEN OFFICE | L1 | RIVATEX SS<>ITEN OFFICE |
| JAMII TELECOMMUNICATIONS LTD | 40 | R29 | KISUMU 132 SS<>KISUMU E/HOUSE | L1 | KISUMU 132 SS<>KISUMU E/HOUSE |
| JAMII TELECOMMUNICATIONS LTD | 40 | R30 | BUSIA KPLC OFFICE<>MALABA TKL HOUSE | L1 | BUSIA KPLC OFFICE<>MALABA TKL HOUSE |
| JAMII TELECOMMUNICATIONS LTD | 40 | R31 | MUMIAS KPLC OFFICE<>BUNGOMA KPLC OFFICE | L1 | MUMIAS KPLC OFFICE<>BUNGOMA KPLC OFFICE |
| JAMII TELECOMMUNICATIONS LTD | 40 | R32 | LESSOS 132 SS<>MUSAGA 132 SS | L1 | LESSOS 132 SS<>MUSAGA 132 SS |
| JAMII TELECOMMUNICATIONS LTD | 40 | R33 | MUSAGA 132SS KAKAMEGA 33/11 SS<>KAKAMEGA KPLC OFFICE | L1 | MUSAGA 132SS KAKAMEGA 33/11 SS<>KAKAMEGA KPLC OFFICE |
| JAMII TELECOMMUNICATIONS LTD | 40 | R34 | KISUMU 132 SS (MAMBOLEO)<>MUHORONI 132 SS | L1 | KISUMU 132 SS (MAMBOLEO)<>MUHORONI 132 SS |
| JAMII TELECOMMUNICATIONS LTD | 40 | R35 | MUHORONI 132 SS<>CHEMOSIT 132 SS | L1 | MUHORONI 132 SS<>CHEMOSIT 132 SS |
| JAMII TELECOMMUNICATIONS LTD | 40 | R36 | TOWER 40<>MALABA | L1 | TOWER 40<>MALABA |
| JAMII TELECOMMUNICATIONS LTD | 40 | R37 | KISII KEGATI 132 SS<>KISII OFFICE | L1 | KISII KEGATI 132 SS<>KISII OFFICE |
| JAMII TELECOMMUNICATIONS LTD | 40 | R38 | KISII DEPOT<>KISII TOWN OFFICE | L1 | KISII DEPOT<>KISII TOWN OFFICE |
| JAMII TELECOMMUNICATIONS LTD | 40 | R39 | NAIVASHA 132 SS<>NAIVASHA OFFICE | L1 | NAIVASHA(SUSWA) 132/33 SS<>KIHOTO 33/11 SS<>KIHOTO 33/11 SS<>NAIVASHA OFFICE |
| JAMII TELECOMMUNICATIONS LTD | 40 | R40 | KERUGOYA S S<>KERUGOYA OFFICE | L1 | KERUGOYA S S<>KERUGOYA OFFICE |
| JAMII TELECOMMUNICATIONS LTD | 40 | R41 | KONZA SS<>MACHAKOS JUNCTION(KYUMVI) | L1 | KONZA SS<>KONZA PDC |
| JAMII TELECOMMUNICATIONS LTD | 40 | R41 | KONZA SS<>MACHAKOS JUNCTION(KYUMVI) | L2 | KONZA SS<>MACHAKOS JUNCTION (KYUMVI) |
| JAMII TELECOMMUNICATIONS LTD | 40 | R42 | DANDORA SS<>TALA OFICE | L1 | DANDORA SS<>NCC JUJA RD |
| JAMII TELECOMMUNICATIONS LTD | 40 | R42 | DANDORA SS<>TALA OFICE | L2 | NCC JUJA RD<>KOMAROCK SS |
| JAMII TELECOMMUNICATIONS LTD | 40 | R42 | DANDORA SS<>TALA OFICE | L3 | KOMAROCK SS<>RUAI OFFICE |
| JAMII TELECOMMUNICATIONS LTD | 40 | R42 | DANDORA SS<>TALA OFICE | L4 | RUAI OFFICE<>TALA SS |
| JAMII TELECOMMUNICATIONS LTD | 40 | R42 | DANDORA SS<>TALA OFICE | L5 | TALA SS<>TALA OFFICE |
| JAMII TELECOMMUNICATIONS LTD | 40 | R43 | SOBEA JUNCTION<>MOLO OFFICE | L1 | SOBEA JUNCTION<>RONGAI SS |
| JAMII TELECOMMUNICATIONS LTD | 40 | R43 | SOBEA JUNCTION<>MOLO OFFICE | L2 | RONGAI SS<>ELBURGON SS |
| JAMII TELECOMMUNICATIONS LTD | 40 | R43 | SOBEA JUNCTION<>MOLO OFFICE | L3 | ELBURGON SS<>MOLO OFFICE |
| JAMII TELECOMMUNICATIONS LTD | 40 | R44 | MOLO OFFICE<>LONDIANI (INTERCEPTION JOINT) | L1 | MOLO OFFICE<>LONDIANI (INTERCEPTION JOINT) |
| JAMII TELECOMMUNICATIONS LTD | 40 | R45 | NAIVASHA OFFICE<>MORENDAT SS | L1 | NAIVASHA OFFICE<>MORENDAT SS |
| JAMII TELECOMMUNICATIONS LTD | 40 | R46 | MACHAKOS JUNCTION(KYUMVI)<>MACHAKOS SS | L1 | MACHAKOS JUNCTION(KYUMVI)<>MACHAKOS SS |
| JAMII TELECOMMUNICATIONS LTD | 40 | R47 | MTWAPA KPLC OFFICE<>KIKAMBALA SS | L1 | MTWAPA KPLC OFFICE<>KIKAMBALA SS |
| JAMII TELECOMMUNICATIONS LTD | 40 | R48 | SIAYA SS<>BUSIA OFFICE | L1 | SIAYA SS<>RANGALA |
| JAMII TELECOMMUNICATIONS LTD | 40 | R48 | SIAYA SS<>BUSIA OFFICE | L2 | RANGALA<>BUSIA SS |
| JAMII TELECOMMUNICATIONS LTD | 40 | R48 | SIAYA SS<>BUSIA OFFICE | L3 | BUSIA SS<>BUSIA OFFICE |
| JAMII TELECOMMUNICATIONS LTD | 40 | R49 | SIAYA SS<>BONDO OFFICE | L1 | SIAYA SS<>BONDO OFFICE |
| JAMII TELECOMMUNICATIONS LTD | 40 | R50 | KISUMU 132 SS(MAMBOLEO)<>KAKAMEGA OFFICE | L1 | KISUMU 132 SS<>MBALE OFFICE |
| JAMII TELECOMMUNICATIONS LTD | 40 | R50 | KISUMU 132 SS(MAMBOLEO)<>KAKAMEGA OFFICE | L2 | MBALE OFFICE<>CHAVAKALI SS |
| JAMII TELECOMMUNICATIONS LTD | 40 | R50 | KISUMU 132 SS(MAMBOLEO)<>KAKAMEGA OFFICE | L3 | CHAVAKALI SS<>KAKAMEGA SS |
| JAMII TELECOMMUNICATIONS LTD | 40 | R50 | KISUMU 132 SS(MAMBOLEO)<>KAKAMEGA OFFICE | L4 | KAKAMEGA SS<>KAKAMEGA OFFICE |
| JAMII TELECOMMUNICATIONS LTD | 40 | R51 | CHAVAKALI MARKET<>CHEPTULU SS | L1 | CHAVAKALI MARKET<>CHEPTULU SS |
| JAMII TELECOMMUNICATIONS LTD | 40 | R52 | RUAI OFFICE<>SPICEBOX AT KAMULU | L1 | RUAI OFFICE<>SPICEBOX AT KAMULU |
| JAMII TELECOMMUNICATIONS LTD | 40 | R53 | ARDHI HOUSE<>KONZA DC | L1 | ARDHI HOUSE<>RAGATI SS |
| SAFHOME FIBRE LIMITED | 41 | R1 | ARDHI HOUSE<>KONZA DC | L1 | ARDHI HOUSE<>RAGATI SS |
| SAFHOME FIBRE LIMITED | 41 | R1 | ARDHI HOUSE<>KONZA DC | L2 | RAGATI SS<>CITY CENTRE SS |
| MINISTRY OF ICT | 42 | R1 | ARDHI HOUSE<>KONZA DC | L1 | ARDHI HOUSE<>RAGATI SS |
| MINISTRY OF ICT | 42 | R1 | ARDHI HOUSE<>KONZA DC | L2 | RAGATI SS<>CITY CENTRE SS |
| MINISTRY OF ICT | 42 | R1 | ARDHI HOUSE<>KONZA DC | L3 | CITY CENTRE SS<>EMBAKASI SS |
| MINISTRY OF ICT | 42 | R1 | ARDHI HOUSE<>KONZA DC | L4 | EMBAKASI SS<>ATHI RIVER SS |
| MINISTRY OF ICT | 42 | R1 | ARDHI HOUSE<>KONZA DC | L5 | ATHI RIVER SS<>KONZA SS |
| MINISTRY OF ICT | 42 | R1 | ARDHI HOUSE<>KONZA DC | L6 | KONZA SS<>KONZA DATA CENTER |
| MINISTRY OF ICT | 42 | R2 | TREASURY BUILDING<>KONZA DC | L1 | RUARAKA COMPLEX<>ROYSAMBU SS |
| MINISTRY OF ICT | 42 | R2 | TREASURY BUILDING<>KONZA DC | L2 | ROYSAMBU SS<>NCC JUJA ROAD |
| MINISTRY OF ICT | 42 | R2 | TREASURY BUILDING<>KONZA DC | L3 | NCC JUJA ROAD<>KONZA SS |
| MINISTRY OF ICT | 42 | R2 | TREASURY BUILDING<>KONZA DC | L4 | KONZA SS<>KONZA DATA CENTER |
| MINISTRY OF ICT | 42 | R2 | TREASURY BUILDING<>KONZA DC | L5 | CITY CENTER SS<>KENET(UON) |
| MINISTRY OF ICT | 42 | R2 | TREASURY BUILDING<>KONZA DC | L6 | CITY CENTER SS<>PARKLANDS SS |
| MINISTRY OF ICT | 42 | R2 | TREASURY BUILDING<>KONZA DC | L7 | ELECTRICITY HSE<>JEEVANJEE SS |
| MINISTRY OF ICT | 42 | R2 | TREASURY BUILDING<>KONZA DC | L8 | JEEVANJEE SS<>MUTHURWA SS |
| MINISTRY OF ICT | 42 | R2 | TREASURY BUILDING<>KONZA DC | L9 | KENET(UON)<>PARKLANDS SS |
| MINISTRY OF ICT | 42 | R2 | TREASURY BUILDING<>KONZA DC | L10 | MUTHURWA SS<>CITY CENTER SS |
| MINISTRY OF ICT | 42 | R2 | TREASURY BUILDING<>KONZA DC | L11 | PARKLANDS SS<>RUARAKA COMPLEX |
| MINISTRY OF ICT | 42 | R2 | TREASURY BUILDING<>KONZA DC | L12 | RUARAKA COMPLEX<>GDC |
| MINISTRY OF ICT | 42 | R2 | TREASURY BUILDING<>KONZA DC | L13 | TREASURY BUILDING<>ELECTRICITY HOUSE |
| MINISTRY OF ICT | 42 | R3 | KONZA DC<>TEAMS LANDING MOMBASA | L1 | KONZA SS<>KONZA DATA CENTER |
| MINISTRY OF ICT | 42 | R3 | KONZA DC<>TEAMS LANDING MOMBASA | L2 | KONZA SS<>SULTAN HAMUD SS |
| MINISTRY OF ICT | 42 | R3 | KONZA DC<>TEAMS LANDING MOMBASA | L3 | SULTAN HAMUD SS<>TKL SULTAN HAMUD EXCHANGE |
| MINISTRY OF ICT | 42 | R3 | KONZA DC<>TEAMS LANDING MOMBASA | L4 | SULTAN HAMUD SS<>KIBOKO SS |
| MINISTRY OF ICT | 42 | R3 | KONZA DC<>TEAMS LANDING MOMBASA | L5 | KIBOKO SS<>TKL MTITO ANDEI EXCHANGE |
| MINISTRY OF ICT | 42 | R3 | KONZA DC<>TEAMS LANDING MOMBASA | L6 | TKL MTITO ANDEI EXCHANGE<>VOI SS |
| MINISTRY OF ICT | 42 | R3 | KONZA DC<>TEAMS LANDING MOMBASA | L7 | VOI SS<>TKL VOI EXCHANGE |
| MINISTRY OF ICT | 42 | R3 | KONZA DC<>TEAMS LANDING MOMBASA | L8 | VOI SS<>RABAI SS |
| MINISTRY OF ICT | 42 | R3 | KONZA DC<>TEAMS LANDING MOMBASA | L9 | RABAI SS<>KIPEVU HILLTOP SS |
| MINISTRY OF ICT | 42 | R3 | KONZA DC<>TEAMS LANDING MOMBASA | L10 | KIPEVU HILLTOP SUBSTSTION<>MAKANDE SS |
| MINISTRY OF ICT | 42 | R3 | KONZA DC<>TEAMS LANDING MOMBASA | L11 | MAKANDE SS<>MBARAKI SS |
| MINISTRY OF ICT | 42 | R3 | KONZA DC<>TEAMS LANDING MOMBASA | L12 | TELEPHONE HOUSE,MOMBASA<>MBARAKI SS |
| MINISTRY OF ICT | 42 | R4 | TREASURY BUILDING<>THIKA DEPOT | L1 | TREASURY<>EMBAKASI SS |
| MINISTRY OF ICT | 42 | R4 | TREASURY BUILDING<>THIKA DEPOT | L2 | EMBAKASI SS<>ROYSAMBU SS |
| MINISTRY OF ICT | 42 | R4 | TREASURY BUILDING<>THIKA DEPOT | L3 | ROYSAMBU SS<>THIKA DEPOT |
| MINISTRY OF ICT | 42 | R5 | LAMU 220KV SS (HINDI)<>KPLC LAMU OFFICE | L1 | LAMU 220KV SS (HINDI)<>KPLC LAMU OFFICE |
| MINISTRY OF ICT | 42 | R6 | MALINDI SS<>WATAMU SS | L1 | MALINDI SS<>GEDE SS |
| MINISTRY OF ICT | 42 | R6 | MALINDI SS<>WATAMU SS | L2 | GEDE SS<>WATAMU SS |
| COAST IDEAL NETWORK SOLUTIONS LTD | 43 | R1 | RUIRU (DEVKI GROUP HEAD OFFICE)<>NCCL SALGAA | L1 | RUIRU (DEVKI GROUP HEAD OFFICE)<>NCCL SALGAA |
| COAST IDEAL NETWORK SOLUTIONS LTD | 43 | R2 | NCCL SALGAA<>NCCL LUKENYA | L1 | NCCL SALGAA<>NCCL LUKENYA |
| NATIONAL CEMENT COMPANY LTD | 44 | R3 | RUIRU (DEVKI GROUP HEAD OFFICE)<>DEVKI SAMBURU | L1 | RUIRU (DEVKI GROUP HEAD OFFICE)<>DEVKI SAMBURU |
| NATIONAL CEMENT COMPANY LTD | 44 | R1 | NAIROBI WEST<>HIGHRIDGE SS | L1 | NAIROBI WEST SS<>HIGHRIDGE SS |
| NATIONAL CEMENT COMPANY LTD | 44 | R1 | NAIROBI WEST<>HIGHRIDGE SS | L2 | NGONG ROAD SS<>KILELESHWA SS |
| UNICAST | 45 | R1 | NAIROBI WEST<>HIGHRIDGE SS | L1 | NAIROBI WEST SS<>HIGHRIDGE SS |
| UNICAST | 45 | R1 | NAIROBI WEST<>HIGHRIDGE SS | L2 | NGONG ROAD SS<>KILELESHWA SS |
| UNICAST | 45 | R1 | NAIROBI WEST<>HIGHRIDGE SS | L3 | KILELESHWA SS<>WESTLANDS SS |
| UNICAST | 45 | R1 | NAIROBI WEST<>HIGHRIDGE SS | L4 | WESTLANDS SS<>HIGHRIDGE SS |
| UNICAST | 45 | R2 | KAREN SS<>NGONG OFFICE | L1 | KAREN SS<>SPLICE BOX NEAR KCB LEADERSHIP CENTRE |
| UNICAST | 45 | R2 | KAREN SS<>NGONG OFFICE | L2 | SPLICE BOX NEAR KCB LEADERSHIP CENTRE<>KPLC NGONG OFFICE |
| SMARTCLOUD AFRICA | 46 | R1 | ICOLO SS<>DIANI SS | L1 | ICOLO MBA1<>JOMVU SS |
| SMARTCLOUD AFRICA | 46 | R1 | ICOLO SS<>DIANI SS | L2 | JOMVU SS<>RABAI SS |
| TELCOPTICS SOLUTIONS LIMITED | 47 | R1 | ICOLO SS<>DIANI SS | L1 | ICOLO MBA1<>JOMVU SS |
| TELCOPTICS SOLUTIONS LIMITED | 47 | R1 | ICOLO SS<>DIANI SS | L2 | JOMVU SS<>RABAI SS |
| TELCOPTICS SOLUTIONS LIMITED | 47 | R1 | ICOLO SS<>DIANI SS | L3 | RABAI SS<>DIANI SS |
| LIQUID TELCOMMUNICATIONS KENYA LIMITED | 48 | R1 | EMBAKASI SS<>TORORO SS | L1 | EMBAKASI SS<>NAIVASHA SS |
| LIQUID TELCOMMUNICATIONS KENYA LIMITED | 48 | R1 | EMBAKASI SS<>TORORO SS | L2 | NAIVASHA SS<>LANET SS |
| LIQUID TELCOMMUNICATIONS KENYA LIMITED | 48 | R1 | EMBAKASI SS<>TORORO SS | L3 | LANET SS<>MAKUTANO SS |
| LIQUID TELCOMMUNICATIONS KENYA LIMITED | 48 | R1 | EMBAKASI SS<>TORORO SS | L4 | MAKUTANO SS<>LESSOS SS |
| LIQUID TELCOMMUNICATIONS KENYA LIMITED | 48 | R1 | EMBAKASI SS<>TORORO SS | L5 | LESSOS<>RIVATEX SS |
| LIQUID TELCOMMUNICATIONS KENYA LIMITED | 48 | R1 | EMBAKASI SS<>TORORO SS | L6 | RIVATEX SS<>ELDORET INDUSTRIAL |
| LIQUID TELCOMMUNICATIONS KENYA LIMITED | 48 | R1 | EMBAKASI SS<>TORORO SS | L7 | ELDORET INDUSTRIAL<>KVDA |
| LIQUID TELCOMMUNICATIONS KENYA LIMITED | 48 | R1 | EMBAKASI SS<>TORORO SS | L8 | KVDA<>ELDORET INDUSTRIAL |
| LIQUID TELCOMMUNICATIONS KENYA LIMITED | 48 | R1 | EMBAKASI SS<>TORORO SS | L9 | ELDORET INDUSTRIAL<>RIVATEX |
| LIQUID TELCOMMUNICATIONS KENYA LIMITED | 48 | R1 | EMBAKASI SS<>TORORO SS | L10 | RIVATEX SS<>LESSOS SS |
| LIQUID TELCOMMUNICATIONS KENYA LIMITED | 48 | R1 | EMBAKASI SS<>TORORO SS | L11 | LESSOS<>MUSAGA SS |
| LIQUID TELCOMMUNICATIONS KENYA LIMITED | 48 | R2 | ICOLO MOMBASA<>NYALI SS | L1 | ICOLO MBA1<>JOMVU SS |
| LIQUID TELCOMMUNICATIONS KENYA LIMITED | 48 | R2 | ICOLO MOMBASA<>NYALI SS | L2 | JOMVU SS<>KIPEVU DIESEL SS |
| LIQUID TELCOMMUNICATIONS KENYA LIMITED | 48 | R2 | ICOLO MOMBASA<>NYALI SS | L3 | KIPEVU DIESEL<>KIPEVU HT SS |
| LIQUID TELCOMMUNICATIONS KENYA LIMITED | 48 | R2 | ICOLO MOMBASA<>NYALI SS | L4 | KIPEVU HT SS<>MAKANDE SS |
| LIQUID TELCOMMUNICATIONS KENYA LIMITED | 48 | R2 | ICOLO MOMBASA<>NYALI SS | L5 | MAKANDE SS<>NYALI SS |
| LIQUID TELCOMMUNICATIONS KENYA LIMITED | 48 | R3 | EADC<>THIKA DEPOT | L1 | EADC<>INDUSTRIAL SS |
| LIQUID TELCOMMUNICATIONS KENYA LIMITED | 48 | R3 | EADC<>THIKA DEPOT | L2 | INDUSTRIAL SS<>NAIROBI NORTH SS |
| LIQUID TELCOMMUNICATIONS KENYA LIMITED | 48 | R3 | EADC<>THIKA DEPOT | L3 | NAIROBI NORTH SS<>KOMAROCK SS |
| LIQUID TELCOMMUNICATIONS KENYA LIMITED | 48 | R3 | EADC<>THIKA DEPOT | L4 | KOMAROCK SS<>NCC JUJA RD SS |
| LIQUID TELCOMMUNICATIONS KENYA LIMITED | 48 | R3 | EADC<>THIKA DEPOT | L5 | MANGU SS<>THIKA DEPOT |
| LIQUID TELCOMMUNICATIONS KENYA LIMITED | 48 | R4 | ICOLO NBO1<>EADC | L1 | ICOLO NBO1<>LANGATA SS |
| LIQUID TELCOMMUNICATIONS KENYA LIMITED | 48 | R4 | ICOLO NBO1<>EADC | L2 | LANGATA SS<>NAIROBI WEST SS |
| LIQUID TELCOMMUNICATIONS KENYA LIMITED | 48 | R4 | ICOLO NBO1<>EADC | L3 | NAIROBI WEST SS<>EMBAKASI SS |
| LIQUID TELCOMMUNICATIONS KENYA LIMITED | 48 | R4 | ICOLO NBO1<>EADC | L4 | EMBAKASI SS<>EADC |
| LIQUID TELCOMMUNICATIONS KENYA LIMITED | 48 | R5 | PARKSIDE TOWERS<>MAKANDE SS | L1 | PARKSIDE TOWERS<>INDUSTRIAL SS |
| LIQUID TELCOMMUNICATIONS KENYA LIMITED | 48 | R5 | PARKSIDE TOWERS<>MAKANDE SS | L2 | INDUSTRIAL SS<>NAIROBI SOUTH SS |
| LIQUID TELCOMMUNICATIONS KENYA LIMITED | 48 | R5 | PARKSIDE TOWERS<>MAKANDE SS | L3 | NAIROBI SOUTH SS<>KOMAROCK SS |
| LIQUID TELCOMMUNICATIONS KENYA LIMITED | 48 | R5 | PARKSIDE TOWERS<>MAKANDE SS | L4 | KOMAROCK SS<>NCC JUJA RD SS |
| LIQUID TELCOMMUNICATIONS KENYA LIMITED | 48 | R5 | PARKSIDE TOWERS<>MAKANDE SS | L5 | NCC JUJA RD SS<>KIBOKO SS |
| LIQUID TELCOMMUNICATIONS KENYA LIMITED | 48 | R5 | PARKSIDE TOWERS<>MAKANDE SS | L6 | KIBOKO SS<>VOI SS |
| LIQUID TELCOMMUNICATIONS KENYA LIMITED | 48 | R5 | PARKSIDE TOWERS<>MAKANDE SS | L7 | VOI SS<>RABAI SS |
| LIQUID TELCOMMUNICATIONS KENYA LIMITED | 48 | R5 | PARKSIDE TOWERS<>MAKANDE SS | L8 | RABAI SS<>KIPEVU HT SS |
| LIQUID TELCOMMUNICATIONS KENYA LIMITED | 48 | R5 | PARKSIDE TOWERS<>MAKANDE SS | L9 | KIPEVU HT SS<>MAKANDE SS |
| LIQUID TELCOMMUNICATIONS KENYA LIMITED | 48 | R6 | MASTER CONTRACT 2021 | L1 | NAIROBI NORTH SS<>SUSWA 220KV SS |
| LIQUID TELCOMMUNICATIONS KENYA LIMITED | 48 | R6 | MASTER CONTRACT 2021 | L2 | SUSWA 220KV SS<>OLKARIA IAU |
| SAFARICOM PLC | 49 | R1 | MASTER CONTRACT 2021 | L1 | NAIROBI NORTH SS<>SUSWA 220KV SS |
| SAFARICOM PLC | 49 | R1 | MASTER CONTRACT 2021 | L2 | SUSWA 220KV SS<>OLKARIA 1AU |
| SAFARICOM PLC | 49 | R1 | MASTER CONTRACT 2021 | L3 | OLKARIA 1AU<>NAIVASHA 132KV SS |
| SAFARICOM PLC | 49 | R1 | MASTER CONTRACT 2021 | L4 | NAIROBI NORTH SS<>DANDORA SS |
| SAFARICOM PLC | 49 | R1 | MASTER CONTRACT 2021 | L5 | NAIROBI NORTH SS<>LOWER KABETE SS |
| SAFARICOM PLC | 49 | R1 | MASTER CONTRACT 2021 | L6 | KPLC SOTIK OFFICE<>MATUTU SS<>KEROKA SS |
| SAFARICOM PLC | 49 | R1 | MASTER CONTRACT 2021 | L7 | MUSAGA SS<>SAFARICOM KAKAMEGA INTERCEPTION |
| SAFARICOM PLC | 49 | R1 | MASTER CONTRACT 2021 | L8 | RABAI SS<>MAKANDE SS |
| SAFARICOM PLC | 49 | R1 | MASTER CONTRACT 2021 | L9 | LESSOS SS<>NANDI HILLS SS |
| SAFARICOM PLC | 49 | R1 | MASTER CONTRACT 2021 | L10 | NANDI HILLS SS<>ALDAI SS |
| SAFARICOM PLC | 49 | R1 | MASTER CONTRACT 2021 | L11 | CHWELE SS<>MALAKISI OFFICE |
| SAFARICOM PLC | 49 | R1 | MASTER CONTRACT 2021 | L12 | MALINDI (KAKUYUNI)1<>MALINDI KPLC |
| SAFARICOM PLC | 49 | R1 | MASTER CONTRACT 2021 | L13 | ATHI RIVER SOUTH<>KAJIADO |
| SAFARICOM PLC | 49 | R1 | MASTER CONTRACT 2021 | L14 | KAJIADO<>NAMANGA |
| SAFARICOM PLC | 49 | R1 | MASTER CONTRACT 2021 | L15 | BUSIA<>RANGALA |
| SAFARICOM PLC | 49 | R1 | MASTER CONTRACT 2021 | L16 | SIAYA<>RANGALA |
| SAFARICOM PLC | 49 | R1 | MASTER CONTRACT 2021 | L17 | ELDORET RIVATEX<>KAPSOYA HILL |
| SAFARICOM PLC | 49 | R1 | MASTER CONTRACT 2021 | L18 | MACHAKOS<>ATHI RIVER (SAFARICOM) |
| SAFARICOM PLC | 49 | R1 | MASTER CONTRACT 2021 | L19 | LESSOS<>KAPSABET KPLC OFFICE |
| SAFARICOM PLC | 49 | R1 | MASTER CONTRACT 2021 | L20 | MAMBOLEO<>KIBOSWA |
| SAFARICOM PLC | 49 | R1 | MASTER CONTRACT 2021 | L21 | MANGU S/S<>THIKA DEPOT S/S |
| SAFARICOM PLC | 49 | R1 | MASTER CONTRACT 2021 | L22 | RUARAKA S/S<>ROYSAMBU QOA |
| SAFARICOM PLC | 49 | R1 | MASTER CONTRACT 2021 | L23 | JUJA NCC<>RUARAKA S/S |
| SAFARICOM PLC | 49 | R1 | MASTER CONTRACT 2021 | L24 | WOTE KPLC OFFICE<>EMALI KPLC OFFICE |
| SAFARICOM PLC | 49 | R1 | MASTER CONTRACT 2021 | L25 | ITEN<>KAPSOYA |
| SAFARICOM PLC | 49 | R1 | MASTER CONTRACT 2021 | L26 | KIBOKO S/S<>EMALI KPLC OFFICE |
| SAFARICOM PLC | 49 | R1 | MASTER CONTRACT 2021 | L27 | MALINDI (KAKUYUNI)2<>MALINDI KPLC |
| SAFARICOM PLC | 49 | R1 | MASTER CONTRACT 2021 | L28 | VOI S/S<>WUNDANYI OFFICE |
| SAFARICOM PLC | 49 | R1 | MASTER CONTRACT 2021 | L29 | MUHORONI S/S<>CHEMOSIT |
| SAFARICOM PLC | 49 | R1 | MASTER CONTRACT 2021 | L30 | LAMU 220KV (HINDI)<>LAMU OFFICE |
| SAFARICOM PLC | 49 | R1 | MASTER CONTRACT 2021 | L31 | RIVATEX<>ELDORET INDUSTRIAL<>KAPSOYA |
| SAFARICOM PLC | 49 | R1 | MASTER CONTRACT 2021 | L32 | RIVATEX<>KITALE DEPOT<>KITALE OFFICE |
| SAFARICOM PLC | 49 | R1 | MASTER CONTRACT 2021 | L33 | KITALE<>KAPENGURIA RF |
| SAFARICOM PLC | 49 | R1 | MASTER CONTRACT 2021 | L34 | SONDU MIRUI<>HOMA BAY OFFICE |
| SAFARICOM PLC | 49 | R1 | MASTER CONTRACT 2021 | L35 | RANGALA S/S<>/S<>MASENO |
| SAFARICOM PLC | 49 | R1 | MASTER CONTRACT 2021 | L36 | NYAMNINNIA<>MASENO |
| SAFARICOM PLC | 49 | R1 | MASTER CONTRACT 2021 | L37 | NAIVASHA S/S<>NAROK |
| SAFARICOM PLC | 49 | R1 | MASTER CONTRACT 2021 | L38 | BONDO S/S<>SIAYA S/S<>SIAYA OFFICE |
| SAFARICOM PLC | 49 | R1 | MASTER CONTRACT 2021 | L39 | SONDU MIRUI<>HOMA BAY OFFICE ADDITIONAL PAIR |
| SAFARICOM PLC | 49 | R1 | MASTER CONTRACT 2021 | L40 | MUHORONI 132S/S<>MUHORONI OFFICE |
| SAFARICOM PLC | 49 | R1 | MASTER CONTRACT 2021 | L41 | KEGATI KISII 12/33 S/S<>RITONGO HILL |
| SAFARICOM PLC | 49 | R1 | MASTER CONTRACT 2021 | L42 | RIVATEX<>KITALE DEPOT<>KITALE OFFICE |
| SAFARICOM PLC | 49 | R1 | MASTER CONTRACT 2021 | L43 | LANET 132 S/S<>E HOUSE NAKURU<>SOILO |
| SAFARICOM PLC | 49 | R1 | MASTER CONTRACT 2021 | L44 | MARIAKANI<>RABAI |
| SAFARICOM PLC | 49 | R1 | MASTER CONTRACT 2021 | L45 | LANET S/S<>GILGIL KPLC OFFICE |
| SAFARICOM PLC | 49 | R1 | MASTER CONTRACT 2021 | L46 | AWENDO<>MIGORI |
| SAFARICOM PLC | 49 | R1 | MASTER CONTRACT 2021 | L47 | LANET S/S<>MENENGAI RF |
| SAFARICOM PLC | 49 | R1 | MASTER CONTRACT 2021 | L48 | RANGALA S/S UGUNJA<>BUMALA S/S |
| SAFARICOM PLC | 49 | R1 | MASTER CONTRACT 2021 | L49 | RABAI SS<>KWALE REPETER SITE THRO DIANI |
| SAFARICOM PLC | 49 | R1 | MASTER CONTRACT 2021 | L50 | NAIROBI NORTH<>CIANDA |
| SAFARICOM PLC | 49 | R1 | MASTER CONTRACT 2021 | L51 | CIANDA<>GITHUNGURI |
| SAFARICOM PLC | 49 | R1 | MASTER CONTRACT 2021 | L52 | SIAYA<>BONDO 2ND PAIR |
| SAFARICOM PLC | 49 | R1 | MASTER CONTRACT 2021 | L53 | EADC<>EMBAKASI |
| SAFARICOM PLC | 49 | R1 | MASTER CONTRACT 2021 | L54 | EMBAKASI<>DANDORA |
| SAFARICOM PLC | 49 | R1 | MASTER CONTRACT 2021 | L55 | BUNGOMA<>CHWELE |
| SAFARICOM PLC | 49 | R1 | MASTER CONTRACT 2021 | L56 | KONZA COMMON MANHOLE<>KONZA DC |
| SAFARICOM PLC | 49 | R1 | MASTER CONTRACT 2021 | L57 | KWALE RF<>KPLC UKUNDA |
| SAFARICOM PLC | 49 | R1 | MASTER CONTRACT 2021 | L58 | MUMIAS SS<>BUMNGOMA OFFICE(DIRECT PAIR) |
| SAFARICOM PLC | 49 | R1 | MASTER CONTRACT 2021 | L59 | RANGALA SS<>MUMIAS SS |
| SAFARICOM PLC | 49 | R1 | MASTER CONTRACT 2021 | L60 | MUSAGA SS<>WEBUYE HILL |
| SAFARICOM PLC | 49 | R1 | MASTER CONTRACT 2021 | L61 | MOGOSIEK SS<>LITEIN SS |
| SAFARICOM PLC | 49 | R2 | IRU CONTRACT 2010 | L1 | NAIROBI<>MOMBASA |
| SAFARICOM PLC | 49 | R3 | IRU CONTRACT 2011 OTHER ROUTES | L1 | LESSOS<>ELDORET |
| SAFARICOM PLC | 49 | R3 | IRU CONTRACT 2011 OTHER ROUTES | L2 | LESSOS<>MUHORONI |
| SAFARICOM PLC | 49 | R3 | IRU CONTRACT 2011 OTHER ROUTES | L3 | MUHORONI<>KISUMU |
| SAFARICOM PLC | 49 | R3 | IRU CONTRACT 2011 OTHER ROUTES | L4 | MUHORONI<>CHEMOSIT<>KISII |
| SAFARICOM PLC | 49 | R3 | IRU CONTRACT 2011 OTHER ROUTES | L5 | NAIROBI<>KAMBURU<>KIGANJO<>NANYUKI |
| SAFARICOM PLC | 49 | R4 | MOMBASA MAKANDE SS<>NAIROBI EMBAKASI SS | L1 | MOMBASA (MAKANDE S/S)<>NAIROBI (EMBAKASI S/S) |
| SAFARICOM PLC | 49 | R5 | NAIROBI EMBAKASI SS<>MACHAKUSI 132 SS | L1 | NAIROBI (EMBAKASI S/S)<>NAIVASHA 132 KV S/S |
| TELKOM KENYA LIMITED | 50 | R2 | NAIROBI EMBAKASI SS<>MACHAKUSI 132 SS | L1 | NAIROBI (EMBAKASI S/S)<>NAIVASHA 132 KV S/S |
| TELKOM KENYA LIMITED | 50 | R2 | NAIROBI EMBAKASI SS<>MACHAKUSI 132 SS | L2 | NAIVASHA 132 KV S/S<>LANET 132 KV S/S |
| TELKOM KENYA LIMITED | 50 | R2 | NAIROBI EMBAKASI SS<>MACHAKUSI 132 SS | L3 | LANET 132 KV S/S<>MAKUTANO S/S |
| TELKOM KENYA LIMITED | 50 | R2 | NAIROBI EMBAKASI SS<>MACHAKUSI 132 SS | L4 | MAKUTANO S/S<>LESSOS S/S |
| TELKOM KENYA LIMITED | 50 | R2 | NAIROBI EMBAKASI SS<>MACHAKUSI 132 SS | L5 | LESSOS 132 KV S/S<>MUSAGA 132 KV S/S<>MACHAKUSI 132 S/S |
| TELKOM KENYA LIMITED | 50 | R2 | NAIROBI EMBAKASI SS<>MACHAKUSI 132 SS | L6 | DANDORA 132 KV S/S<>NCC |
| TELKOM KENYA LIMITED | 50 | R2 | NAIROBI EMBAKASI SS<>MACHAKUSI 132 SS | L7 | NCC<>ROYSAMBU (RUARAKA 132) S/S |
| TELKOM KENYA LIMITED | 50 | R2 | NAIROBI EMBAKASI SS<>MACHAKUSI 132 SS | L8 | ROYSAMBU (RUARAKA 132) S/S<>PARKLANDS S/S |
| TELKOM KENYA LIMITED | 50 | R2 | NAIROBI EMBAKASI SS<>MACHAKUSI 132 SS | L9 | MAKANDE 132 KV S/S<>MBARAKI S/S<>EHSE (MOMBASA) |
| TELKOM KENYA LIMITED | 50 | R2 | NAIROBI EMBAKASI SS<>MACHAKUSI 132 SS | L10 | EMBAKASI 132 KV S/S<>NAIROBI WEST S/S<>NGONG RD S/S |
| TELKOM KENYA LIMITED | 50 | R2 | NAIROBI EMBAKASI SS<>MACHAKUSI 132 SS | L11 | VOI S/S<>VOI KPLC OFFICE |
| TELKOM KENYA LIMITED | 50 | R2 | NAIROBI EMBAKASI SS<>MACHAKUSI 132 SS | L12 | NAIVASHA 132 KV S/S<>NAIVASHA KPLC OFFICE |
| TELKOM KENYA LIMITED | 50 | R2 | NAIROBI EMBAKASI SS<>MACHAKUSI 132 SS | L13 | LANET S/S<>NAKURU DEPOT |
| TELKOM KENYA LIMITED | 50 | R2 | NAIROBI EMBAKASI SS<>MACHAKUSI 132 SS | L14 | NAKURU DEPOT<>NAKURU ELECTRICITY HOUSE |
| TELKOM KENYA LIMITED | 50 | R3 | MASTER CONTRACT NO. 2 FROM 5TH MAY, 2021 TO 4TH MAY 2026 | L1 | E/HOUSE KISUMU<>KISUMU EAST SS |
| TELKOM KENYA LIMITED | 50 | R3 | MASTER CONTRACT NO. 2 FROM 5TH MAY, 2021 TO 4TH MAY 2026 | L2 | KISUMU EAST SS<>MAMBOLEO SS |
| TELKOM KENYA LIMITED | 50 | R3 | MASTER CONTRACT NO. 2 FROM 5TH MAY, 2021 TO 4TH MAY 2026 | L3 | MAMBOLEO SS<>MBALE KPLC OFFICE |
| TELKOM KENYA LIMITED | 50 | R3 | MASTER CONTRACT NO. 2 FROM 5TH MAY, 2021 TO 4TH MAY 2026 | L4 | TKL KERICHO OFFICE<>KPLC KERICHO DEPOT |
| TELKOM KENYA LIMITED | 50 | R3 | MASTER CONTRACT NO. 2 FROM 5TH MAY, 2021 TO 4TH MAY 2026 | L5 | KPLC KERICHO DEPOT<>CHEMOSIT SS |
| TELKOM KENYA LIMITED | 50 | R3 | MASTER CONTRACT NO. 2 FROM 5TH MAY, 2021 TO 4TH MAY 2026 | L6 | CHEMOSIT SS<>MUHORONI SS |
| TELKOM KENYA LIMITED | 50 | R3 | MASTER CONTRACT NO. 2 FROM 5TH MAY, 2021 TO 4TH MAY 2026 | L7 | MUHORONI SS<>KISUMU 132 (MAMBOLEO SS) |
| TELKOM KENYA LIMITED | 50 | R3 | MASTER CONTRACT NO. 2 FROM 5TH MAY, 2021 TO 4TH MAY 2026 | L8 | KISUMU EAST SS<>E/HOUSE KISUMU |
| TELKOM KENYA LIMITED | 50 | R4 | ICOLO SS<>NYALI SS | L1 | ICOLO SS<>JOMVU SS |
| TELKOM KENYA LIMITED | 50 | R4 | ICOLO SS<>NYALI SS | L2 | JOMVU SS<>KIPEVU HT |
| TELKOM KENYA LIMITED | 50 | R4 | ICOLO SS<>NYALI SS | L3 | KIPEVU SS<>MAKANDE SS |
| TELKOM KENYA LIMITED | 50 | R4 | ICOLO SS<>NYALI SS | L4 | MAKANDE SS<>NYALI SS |
| TELKOM KENYA LIMITED | 50 | R5 | MBALE<>KAKAMEGA TH | L1 | MBALE SS<>CHAVAKALI |
| TELKOM KENYA LIMITED | 50 | R5 | MBALE<>KAKAMEGA TH | L2 | CHAVAKALI<>KAKAMEGA SS |
| TELKOM KENYA LIMITED | 50 | R5 | MBALE<>KAKAMEGA TH | L3 | KAKAMEGA SS<>KAKAMEGA TH |
| TELKOM KENYA LIMITED | 50 | R6 | RABAI SS<>UKUNDA KPLC OFFICE | L1 | RABAI SS<>DIANI SS |
| TELKOM KENYA LIMITED | 50 | R6 | RABAI SS<>UKUNDA KPLC OFFICE | L2 | DIANI SS<>KPLC UKUNDA OFFICE |
| TELKOM KENYA LIMITED | 50 | R1 | NAIROBI WEST SS<>ICOLO NBO1 | L1 | NAIROBI WEST<>LANGATA SS |
| TELKOM KENYA LIMITED | 50 | R1 | NAIROBI WEST SS<>ICOLO NBO1 | L2 | LANGATA SS<>ICOLO NBO 1 |
| SYSTEL | 51 | R2 | NAIROBI WEST SS<>NGONG ROAD SS | L1 | NAIROBI WEST SS<>NGONG ROAD SS |
| SYSTEL | 51 | R1 | EADC<>HURUMA SS | L1 | EADC<>INDUSTRIAL SS |
| SYSTEL | 51 | R1 | EADC<>HURUMA SS | L2 | INDUSTRIAL SS<>NAIROBI SOUTH SS |
| SAVENET | 52 | R1 | EADC<>HURUMA SS | L1 | EADC<>INDUSTRIAL SS |
| SAVENET | 52 | R1 | EADC<>HURUMA SS | L2 | INDUSTRIAL SS<>NAIROBI SOUTH SS |
| SAVENET | 52 | R1 | EADC<>HURUMA SS | L3 | NAIROBI SOUTH SS<>KOMAROCKSS |
| SAVENET | 52 | R1 | EADC<>HURUMA SS | L4 | KOMAROCK SS<>NCC JUJA ROAD |
| SAVENET | 52 | R1 | EADC<>HURUMA SS | L5 | NCCJUJA ROAD<>HURUMA SS |
| SAVENET | 52 | R2 | ICOLO MBA1<>KIPEVU HT | L1 | ICOLO MBA1<>JOMVU SS |
| SAVENET | 52 | R2 | ICOLO MBA1<>KIPEVU HT | L2 | JOMVU SS<>KIPEVU HT |
| ZOOM | 85 | R2 | ICOLO<>DIGO ROAD ODF | L1 | ICOLO MBA1<>JOMVU SS |
| ZOOM | 85 | R2 | ICOLO<>DIGO ROAD ODF | L2 | JOMVU SS<>KIPEVU HT |
| ZOOM | 85 | R2 | ICOLO<>DIGO ROAD ODF | L3 | KIPEVU HT<>MAKANDESS |
| ZOOM | 85 | R2 | ICOLO<>DIGO ROAD ODF | L4 | MAKANDE SS<>DIGO ROAD ODF |
| ZOOM | 85 | R1 | EADC<>RUARAKA 132 KV SS | L1 | EADC<>NEW INDUSTRIAL SS |
| ZOOM | 85 | R1 | EADC<>RUARAKA 132 KV SS | L2 | NEW INDUSTRIAL SS<>NAIROBI SOUTH SS |
| ZOOM | 85 | R1 | EADC<>RUARAKA 132 KV SS | L3 | NAIROBI SOUTH SS<>KOMAROCK SS |
| ZOOM | 85 | R1 | EADC<>RUARAKA 132 KV SS | L4 | KOMAROCK SS<>NCC JUJA ROAD |
| ZOOM | 85 | R1 | EADC<>RUARAKA 132 KV SS | L5 | NCC JUJA ROAD<>RUARAKA 132 KV |
| OPTINODE COMMUNICATIONS LIMITED | 53 | R1 | EADC<>RUARAKA 132 KV SS | L1 | EADC<>NEW INDUSTRIAL SS |
| OPTINODE COMMUNICATIONS LIMITED | 53 | R1 | EADC<>RUARAKA 132 KV SS | L2 | NEW INDUSTRIAL SS<>NAIROBI SOUTH SS |
| OPTINODE COMMUNICATIONS LIMITED | 53 | R1 | EADC<>RUARAKA 132 KV SS | L3 | NAIROBI SOUTH SS<>KOMAROCK SS |
| OPTINODE COMMUNICATIONS LIMITED | 53 | R1 | EADC<>RUARAKA 132 KV SS | L4 | KOMAROCK SS<>NCC JUJA ROAD |
| OPTINODE COMMUNICATIONS LIMITED | 53 | R1 | EADC<>RUARAKA 132 KV SS | L5 | NCC JUJA ROAD<>RUARAKA 132 KV |
| OPTINODE COMMUNICATIONS LIMITED | 53 | R2 | ICOLO NBO1<>DAGORETTI SS | L1 | ICOLO NBO1<>LANGATA SS |
| OPTINODE COMMUNICATIONS LIMITED | 53 | R2 | ICOLO NBO1<>DAGORETTI SS | L2 | LANGATA SS<>KAREN SS |
| OPTINODE COMMUNICATIONS LIMITED | 53 | R2 | ICOLO NBO1<>DAGORETTI SS | L3 | KAREN SS<>DAGORETTI SS |
| OPTINODE COMMUNICATIONS LIMITED | 53 | R3 | RUARAKA 132 KV SS<>SPLICEBOX AT JUJA | L1 | RUARAKA 132KV SS<>RUIRU SS |
| OPTINODE COMMUNICATIONS LIMITED | 53 | R3 | RUARAKA 132 KV SS<>SPLICEBOX AT JUJA | L2 | RUIRU SS<>SPLICEBOX AT JUJA |
| OPTINODE COMMUNICATIONS LIMITED | 53 | R4 | KAREN SS<>NAIROBI WEST | L1 | KAREN SS<>NAIROBI WEST SS |
| OPTINODE COMMUNICATIONS LIMITED | 53 | R5 | NAIROBI WEST<>NGONG ROADSS | L1 | NAIROBI WEST SS<>NGONG RD SS |
| BOSS TELECOM LIMITED | 54 | R3 | KAREN<>ICOLO | L1 | KAREN<>ICOLO |
| BOSS TELECOM LIMITED | 54 | R4 | KAREN<>SPLICE BOX AT EMBULMBUL | L1 | KAREN<>SPLICE BOX AT EMBULMBUL |
| BOSS TELECOM LIMITED | 54 | R5 | KAREN<>SPLICE BOX AT LENANA | L1 | KAREN<>SPLICE BOX AT LENANA |
| BOSS TELECOM LIMITED | 54 | R1 | EADC<>ONGATA RONGAI | L1 | EADC<>VILLA FRANCA<>EMBAKASI |
| BOSS TELECOM LIMITED | 54 | R1 | EADC<>ONGATA RONGAI | L2 | EMBAKASI<>NAIROBI WEST SS |
| VILCOM NETWORKS LIMITED | 55 | R1 | EADC<>ONGATA RONGAI | L1 | EADC<>VILLA FRANCA<>EMBAKASI |
| VILCOM NETWORKS LIMITED | 55 | R1 | EADC<>ONGATA RONGAI | L2 | EMBAKASI<>NAIROBI WEST SS |
| VILCOM NETWORKS LIMITED | 55 | R1 | EADC<>ONGATA RONGAI | L3 | NAIROBI WEST<>ONGATA RONGAI |
| VILCOM NETWORKS LIMITED | 55 | R2 | LESSOS SS<>RIVATEX SS | L1 | LESSOS SS<>RIVATEX SS |
| VILCOM NETWORKS LIMITED | 55 | R3 | EADC<>RIVATEX | L1 | EADC<>EMBAKASI SS |
| VILCOM NETWORKS LIMITED | 55 | R3 | EADC<>RIVATEX | L2 | EMBAKASI SS<>NAIVASHA |
| VILCOM NETWORKS LIMITED | 55 | R3 | EADC<>RIVATEX | L3 | NAIVASHA<>LANET SS |
| VILCOM NETWORKS LIMITED | 55 | R3 | EADC<>RIVATEX | L4 | LANET SS<>MAKUTANO SS |
| VILCOM NETWORKS LIMITED | 55 | R3 | EADC<>RIVATEX | L5 | MAKUTANO SS<>LESSOS SS |
| VILCOM NETWORKS LIMITED | 55 | R3 | EADC<>RIVATEX | L6 | LESSOS SS<>RIVATEX SS |
| VILCOM NETWORKS LIMITED | 55 | R4 | LANET<>SOILO SS | L1 | SAFARICOM BTS<>LANET SS |
| VILCOM NETWORKS LIMITED | 55 | R4 | LANET<>SOILO SS | L2 | LANET SS<>NAKURU DEPOT SS |
| VILCOM NETWORKS LIMITED | 55 | R4 | LANET<>SOILO SS | L3 | NAKURU DEPOT SS<>SOILO SS |
| VILCOM NETWORKS LIMITED | 55 | R5 | ICOLO MBA1<>TELEPHONE HOUSE.DIGO ROAD ODF | L1 | DIGO ROAD ODF<>MBARAKI SS |
| VILCOM NETWORKS LIMITED | 55 | R5 | ICOLO MBA1<>TELEPHONE HOUSE.DIGO ROAD ODF | L2 | MBARAKI SS<>MAKANDE SS |
| VILCOM NETWORKS LIMITED | 55 | R5 | ICOLO MBA1<>TELEPHONE HOUSE.DIGO ROAD ODF | L3 | MAKANDE SS<>KIPEVU HT SS |
| VILCOM NETWORKS LIMITED | 55 | R5 | ICOLO MBA1<>TELEPHONE HOUSE.DIGO ROAD ODF | L4 | KIPEVU HT SS<>JOMVU SS |
| VILCOM NETWORKS LIMITED | 55 | R5 | ICOLO MBA1<>TELEPHONE HOUSE.DIGO ROAD ODF | L5 | JOMVU SS<>ICOLO MBA 1 |
| VILCOM NETWORKS LIMITED | 55 | R6 | QUEEN OF APOSTLE<>GITHURAI 44 JB | L1 | QUEEN OF APOSTLE<>ROYSAMBU SS |
| VILCOM NETWORKS LIMITED | 55 | R6 | QUEEN OF APOSTLE<>GITHURAI 44 JB | L2 | ROYSAMBU SS<>GITHURAI 44 JB |
| ONSITE AFRICA LIMITED | 56 | R1 | EADC<>RUAI KPLC OFFICE | L1 | EADC<>NEW INDUSTRIAL |
| ONSITE AFRICA LIMITED | 56 | R1 | EADC<>RUAI KPLC OFFICE | L2 | NEW INDUSTRIAL<>NAIROBI SOUTH SS |
| RASMILINK LIMITED | 57 | R1 | EADC<>RUAI KPLC OFFICE | L1 | NAIROBI SOUTH SS<>KOMAROCK SS |
| RASMILINK LIMITED | 57 | R1 | EADC<>RUAI KPLC OFFICE | L2 | KOMAROCK SS<>RUAI SS |
| RASMILINK LIMITED | 57 | R1 | EADC<>RUAI KPLC OFFICE | L3 | RUAI SS<>RUAI KPLC OFFICE |
| RASMILINK LIMITED | 57 | R2 | NAIROBI SOUTH SS<>KOMAROCK SS | L1 | NAIROBI SOUTH SS<>KOMAROCK SS |
| RASMILINK LIMITED | 57 | R3 | RAGATI SS<>KILELLESHWA SS | L1 | RAGATI SS<>NGONG ROAD SS |
| RASMILINK LIMITED | 57 | R3 | RAGATI SS<>KILELLESHWA SS | L2 | NGONG ROAD SS<>KILELESHWA SS |
| FIMNET COMMUNICATIONS LTD | 58 | R2 | PAIX<>NAIROBI WEST SS | L1 | PAIX<>RAGATI SS |
| FIMNET COMMUNICATIONS LTD | 58 | R2 | PAIX<>NAIROBI WEST SS | L2 | RAGATI SS<>NGONG ROAD SS |
| FIMNET COMMUNICATIONS LTD | 58 | R2 | PAIX<>NAIROBI WEST SS | L3 | NGONG ROAD SS<>NAIROBI WEST SS |
| FIMNET COMMUNICATIONS LTD | 58 | R1 | EADC<>MUSAGA SS | L1 | EADC<>EMBAKASI SS |
| FIMNET COMMUNICATIONS LTD | 58 | R1 | EADC<>MUSAGA SS | L2 | EMBAKASI SS<>NAIVASHA SS |
| RAIN COMMUNICATIONS LTD | 59 | R1 | EADC<>MUSAGA SS | L1 | NAIVASHA SS<>LANET SS |
| RAIN COMMUNICATIONS LTD | 59 | R1 | EADC<>MUSAGA SS | L2 | LANET SS<>MAKUTANO SS |
| RAIN COMMUNICATIONS LTD | 59 | R1 | EADC<>MUSAGA SS | L3 | MAKUTANO SS<>LESSOS SS |
| RAIN COMMUNICATIONS LTD | 59 | R1 | EADC<>MUSAGA SS | L4 | LESSOS SS<>MUSAGA SS |
| RAIN COMMUNICATIONS LTD | 59 | R2 | RABAI SS<>ICOLO MBA1 | L1 | RABAI SS<>JOMVU SS |
| RAIN COMMUNICATIONS LTD | 59 | R2 | RABAI SS<>ICOLO MBA1 | L2 | JOMVU SS<>MIRITINI SS |
| RAIN COMMUNICATIONS LTD | 59 | R2 | RABAI SS<>ICOLO MBA1 | L3 | MIRITINI SS<>ICOLO MBA1 |
| RAIN COMMUNICATIONS LTD | 59 | R3 | EADC<>RUARAKA DEPOT | L1 | EADC<>EMBAKASI SS |
| RAIN COMMUNICATIONS LTD | 59 | R3 | EADC<>RUARAKA DEPOT | L2 | EMBAKASI SS<>DANDORA SS |
| RAIN COMMUNICATIONS LTD | 59 | R3 | EADC<>RUARAKA DEPOT | L3 | DANDORA SS<>NCC JUJA ROAD |
| RAIN COMMUNICATIONS LTD | 59 | R3 | EADC<>RUARAKA DEPOT | L4 | NCC JUJA ROAD<>RUARAKA 132 SS |
| RAIN COMMUNICATIONS LTD | 59 | R3 | EADC<>RUARAKA DEPOT | L5 | RUARAKA 132 SS<>RUARAKA DEPOT |
| RAIN COMMUNICATIONS LTD | 59 | R4 | ATHI RIVER SS<>OLD KITENGELA OFFICE | L1 | ATHI RIVER SS<>EPZ SS |
| RAIN COMMUNICATIONS LTD | 59 | R5 | EADC<>NAIVASHA 132 KV SS | L1 | EADC<>EMBAKASI SS |
| RAIN COMMUNICATIONS LTD | 59 | R5 | EADC<>NAIVASHA 132 KV SS | L2 | EMBAKASI SS<>NAIVASHA 132 KV SS |
| NEXT THING NETWORKS LTD | 60 | R1 | EADC<>NAIVASHA 132 KV SS | L1 | EADC<>EMBAKASI SS |
| NEXT THING NETWORKS LTD | 60 | R1 | EADC<>NAIVASHA 132 KV SS | L2 | EMBAKASI SS<>NAIVASHA 132 KV SS |
| KENYA EDUCATION NETWORK | 61 | R2 | KIGANJO SS<>NYERI TH | L1 | KIGANJO SS<>RURINGU SS |
| KENYA EDUCATION NETWORK | 61 | R2 | KIGANJO SS<>NYERI TH | L2 | RURINGU SS<>NYERI STIMA |
| KENYA EDUCATION NETWORK | 61 | R2 | KIGANJO SS<>NYERI TH | L3 | NYERI STIMA<>NYERI TH |
| KENYA EDUCATION NETWORK | 61 | R3 | NEW KUTUS<>KARATINA SS | L1 | NEW KUTUS<>KARATINA SS |
| KENYA EDUCATION NETWORK | 61 | R4 | JOOUST<>SIAYA TH | L1 | JOOUST<>SIAYA TH |
| KENYA EDUCATION NETWORK | 61 | R5 | CHAVAKALI SS<>CHEPTULU SS | L1 | CHAVAKALI SS<>CHEPTULU SS |
| KENYA EDUCATION NETWORK | 61 | R6 | CHAVAKALI SS<>NOFBI INTERCEPT POINT | L1 | CHAVAKALI SS<>NOFBI INTERCEPT POINT |
| KENYA EDUCATION NETWORK | 61 | R7 | CHEPTULU SS<>KAFUCO SS | L1 | CHEPTULU SS<>KAFUCO SS |
| KENYA EDUCATION NETWORK | 61 | R8 | ICOLO NAIROBI<>CUEA | L1 | ICOLO NAIROBI<>CUEA |
| KENYA EDUCATION NETWORK | 61 | R9 | RUARAKA 132(ROYSAMBU)<>KENYATTA UNIVERSITY | L1 | RUARAKA(ROYSAMBU)<>KU |
| KENYA EDUCATION NETWORK | 61 | R10 | RUARAKA 132 (ROYSAMBU)<>KIST | L1 | RUARAKA 132 (ROYSAMBU)<>KIST |
| KENYA EDUCATION NETWORK | 61 | R11 | CHEMOSIT SS<>KERICHO DEPOT SS<>KERICHO TH | L1 | CHEMOSIT SS<>KERICHO DEPOT SS<>KERICHO TH |
| KENYA EDUCATION NETWORK | 61 | R12 | CHEMOSIT SS<>VARSITY PLAZA KISUMU | L1 | CHEMOSIT SS<>MUHORONI SS |
| KENYA EDUCATION NETWORK | 61 | R12 | CHEMOSIT SS<>VARSITY PLAZA KISUMU | L2 | MUHORONI SS<>MAMBOLEO SS |
| KENYA EDUCATION NETWORK | 61 | R12 | CHEMOSIT SS<>VARSITY PLAZA KISUMU | L3 | MAMBOLEO SS<>KISUMU EAST SS |
| KENYA EDUCATION NETWORK | 61 | R12 | CHEMOSIT SS<>VARSITY PLAZA KISUMU | L4 | KISUMU EAST SS<>KISUMU E/HOUSE |
| KENYA EDUCATION NETWORK | 61 | R12 | CHEMOSIT SS<>VARSITY PLAZA KISUMU | L5 | KISUMU E/HOUSE<>VARSITY PLAZA |
| KENYA EDUCATION NETWORK | 61 | R13 | NAIVASHA 132 KV SS<>NAROK TH | L1 | NAIVASHA 132 KV SS<>OLKARIA 1 AU |
| KENYA EDUCATION NETWORK | 61 | R13 | NAIVASHA 132 KV SS<>NAROK TH | L2 | OLKARIA 1AU<>SUSWA 400 KV SS<>NAROK 33 KV SS |
| KENYA EDUCATION NETWORK | 61 | R13 | NAIVASHA 132 KV SS<>NAROK TH | L3 | NAROK 33 KV SS<>NAROK TH |
| KENYA EDUCATION NETWORK | 61 | R14 | BOMET TH<>BOMET UNIVERSITY | L1 | BOMET TH<>BOMET OFFICE |
| KENYA EDUCATION NETWORK | 61 | R14 | BOMET TH<>BOMET UNIVERSITY | L2 | BOMET OFFICE<>BOMET SS |
| KENYA EDUCATION NETWORK | 61 | R14 | BOMET TH<>BOMET UNIVERSITY | L3 | BOMET SS<>BOMET UNIVERSITY |
| KENYA EDUCATION NETWORK | 61 | R15 | CHEMOSIT SS<>BOMET UNIVERSITY | L1 | CHEMOSIT SS<>LITEIN SS |
| KENYA EDUCATION NETWORK | 61 | R15 | CHEMOSIT SS<>BOMET UNIVERSITY | L2 | LITEIN SS<>MOGOGOSIEK SS |
| KENYA EDUCATION NETWORK | 61 | R15 | CHEMOSIT SS<>BOMET UNIVERSITY | L3 | MOGOSGOSIEK SS<>BOMET SS |
| KENYA EDUCATION NETWORK | 61 | R15 | CHEMOSIT SS<>BOMET UNIVERSITY | L4 | BOMET SS<>BOMET UNIVERSITY |
| KENYA EDUCATION NETWORK | 61 | R16 | NAIVASHA 132 KV SS<>NAKURU TH | L1 | NAIVASHA 132 KV SS<>LANET SS |
| KENYA EDUCATION NETWORK | 61 | R16 | NAIVASHA 132 KV SS<>NAKURU TH | L2 | LANET SS<>E/HOUSE NAKURU |
| KENYA EDUCATION NETWORK | 61 | R16 | NAIVASHA 132 KV SS<>NAKURU TH | L3 | E/HOUSE NAKURU<>NAKURU TH |
| KENYA EDUCATION NETWORK | 61 | R17 | KISII 132 SS (KEGATI)<>KISII TH | L1 | KISII 132 SS (KEGATI)<>KISII DEPOT |
| KENYA EDUCATION NETWORK | 61 | R17 | KISII 132 SS (KEGATI)<>KISII TH | L2 | KISII DEPOT<>KISII TOWN OFFICE |
| KENYA EDUCATION NETWORK | 61 | R17 | KISII 132 SS (KEGATI)<>KISII TH | L3 | KISII TOWN OFFICE<>KISII TH |
| KENYA EDUCATION NETWORK | 61 | R18 | NAKURU TH<>EGERTON UNIVERSITY NJORO | L1 | NAKURU TH<>E/HOUSE NAKURU |
| KENYA EDUCATION NETWORK | 61 | R18 | NAKURU TH<>EGERTON UNIVERSITY NJORO | L2 | E/HOUSE NAKURU<>NAKURU DEPOT |
| KENYA EDUCATION NETWORK | 61 | R18 | NAKURU TH<>EGERTON UNIVERSITY NJORO | L3 | NAKURU DEPOT<>SOILO SS |
| KENYA EDUCATION NETWORK | 61 | R18 | NAKURU TH<>EGERTON UNIVERSITY NJORO | L4 | SOILO SS<>NJORO SS |
| KENYA EDUCATION NETWORK | 61 | R18 | NAKURU TH<>EGERTON UNIVERSITY NJORO | L5 | NJORO SS<>EGERTON UNIVERSITY |
| KENYA EDUCATION NETWORK | 61 | R19 | MOMBASA TH<>MALINDI DEPOT | L1 | MOMBASA TH<>KILIFI SS |
| KENYA EDUCATION NETWORK | 61 | R19 | MOMBASA TH<>MALINDI DEPOT | L2 | KILIFI SS<>MALINDI DEPOT |
| KENYA EDUCATION NETWORK | 61 | R20 | KONZA 132 KV SS<>KONZA DATA CENTER | L1 | KONZA SS<>KONZA DATA CENTER |
| KENYA EDUCATION NETWORK | 61 | R21 | NEW KUTUS SS<>MURANGA UNIVERSITY | L1 | NEW KUTUS SS<>MURANGA SS |
| KENYA EDUCATION NETWORK | 61 | R21 | NEW KUTUS SS<>MURANGA UNIVERSITY | L2 | MURANGA SS<>MURANGA UNIVERSITY |
| KENYA EDUCATION NETWORK | 61 | R22 | NEW KUTUS SS<>EMBU UNIVERSITY | L1 | NEW KUTUS SS<>MURANGA UNIVERSITY |
| KENYA EDUCATION NETWORK | 61 | R23 | RUARAKA SS<>RUIRU SS | L1 | RUARAKA SS<>RUIRU SS |
| KENYA EDUCATION NETWORK | 61 | R24 | KETRACO SULTAN HAMUD SS<>SULTAN HAMUD TKL EXCHANGE | L1 | KETRACO SULTAN HAMUD SS<>SULTAN HAMUD TKL EXCHANGE |
| NOVIA EAST AFRICA LIMITED | 62 | R1 | KQ HQ 1<>KQ PRIDE CENTER 2 | L1 | KQ HQ 1<>KQ PRIDE CENTER 2 |
| ATIS TELCOM LIMITED | 63 | R1 | EMBAKASI SS<>KEMNET MANHOLE (ATHI RIVER SHANGHAI RD) | L1 | EMBAKASI SS<>KEMNET MANHOLE (ATHI RIVER SHANGHAI RD) |
| KENYA AIRWAYS PLC | 64 | R1 | ICOLO MSA<>NYALI SS | L1 | ICOLO MSA<>MIRITINI<>JOMVU SS |
| KEMNET TECHNOLOGIES LIMITED | 65 | R1 | ICOLO MSA<>NYALI SS | L1 | ICOLO MSA<>MIRITINI<>JOMVU SS |
| SEACOM KENYA LIMITED | 66 | R1 | ICOLO MSA<>NYALI SS | L1 | ICOLO MSA<>MIRITINI<>JOMVU SS |
| SEACOM KENYA LIMITED | 66 | R1 | ICOLO MSA<>NYALI SS | L2 | JOMVU SS<>KIPEVU HT SS |
| SEACOM KENYA LIMITED | 66 | R1 | ICOLO MSA<>NYALI SS | L3 | KIPEVU HT SS<>MAKANDE SS |
| SEACOM KENYA LIMITED | 66 | R1 | ICOLO MSA<>NYALI SS | L4 | MAKANDE SS<>NYALI SS |
| SEACOM KENYA LIMITED | 66 | R2 | RABAI SS<>SEACOM CLS MOMBASA | L1 | RABAI SS<>KIPEVU SS |
| SEACOM KENYA LIMITED | 66 | R2 | RABAI SS<>SEACOM CLS MOMBASA | L2 | KIPEVU SS<>MAKANDE SS |
| SEACOM KENYA LIMITED | 66 | R2 | RABAI SS<>SEACOM CLS MOMBASA | L3 | MAKANDE SS<>MBARAKI SS |
| SEACOM KENYA LIMITED | 66 | R2 | RABAI SS<>SEACOM CLS MOMBASA | L4 | MBARAKI SS<>DIGO RD ODF |
| SEACOM KENYA LIMITED | 66 | R2 | RABAI SS<>SEACOM CLS MOMBASA | L5 | DIGO RD ODF<>SEACOM CLS |
| SEACOM KENYA LIMITED | 66 | R3 | EADC<>IX AFRICA LTD | L1 | EADC 1ST FLR<>EADC POLE MONT ODF |
| SEACOM KENYA LIMITED | 66 | R3 | EADC<>IX AFRICA LTD | L2 | EADC POLE MOUNT ODF<>VILLA FRANCA SS |
| SEACOM KENYA LIMITED | 66 | R3 | EADC<>IX AFRICA LTD | L3 | VILLA FRANCA SS<>IX AFRICA DATA CENTER |
| VENNET SOLUTIONS LIMITED | 67 | R1 | EADC<>KOMAROCK SS | L1 | EADC<>NEW INDUSTRIAL SS |
| VENNET SOLUTIONS LIMITED | 67 | R1 | EADC<>KOMAROCK SS | L2 | NEW INDUSTRIAL SS<>NAIROBI SOUTH SS |
| VENNET SOLUTIONS LIMITED | 67 | R1 | EADC<>KOMAROCK SS | L3 | NAIROBI SOUTH SS<>KOMAROCK SS |
| VENNET SOLUTIONS LIMITED | 67 | R2 | KOMAROCK SS<>RUARAKA 132 KV | L1 | KOMAROCK SS<>NCC JUJA ROAD |
| VENNET SOLUTIONS LIMITED | 67 | R2 | KOMAROCK SS<>RUARAKA 132 KV | L2 | NCC JUJA ROAD<>RUARAKA 132KV SS |
| VENNET SOLUTIONS LIMITED | 67 | R3 | RUARAKA 132KV<>RUIRU SS | L1 | RUARAKA 132KV SS<>RUIRU SS |
| VENNET SOLUTIONS LIMITED | 67 | R4 | EADC<>KOMAROCK SS | L1 | EADC<>NEW INDUSTRIAL SS |
| VENNET SOLUTIONS LIMITED | 67 | R4 | EADC<>KOMAROCK SS | L2 | NEW INDUSTRIAL SS<>NAIROBI SOUTH SS |
| TAWALA NETWORKS LIMITED | 68 | R1 | EADC<>KOMAROCK SS | L1 | NAIROBI SOUTH SS<>KOMAROCK SS |
| TAWALA NETWORKS LIMITED | 68 | R2 | ICOLO NBO 1<>NAIROBI NORTH SS | L1 | ICOLO<>LANGATA SS |
| TAWALA NETWORKS LIMITED | 68 | R2 | ICOLO NBO 1<>NAIROBI NORTH SS | L2 | LANGATA SS<>KAREN SS |
| NOSTEQ NETWORKS LIMITED | 69 | R1 | ICOLO NBO 1<>NAIROBI NORTH SS | L1 | KAREN SS<>KABETE SS |
| NOSTEQ NETWORKS LIMITED | 69 | R1 | ICOLO NBO 1<>NAIROBI NORTH SS | L2 | KABETE SS<>LOWER KABETE SS |
| NOSTEQ NETWORKS LIMITED | 69 | R1 | ICOLO NBO 1<>NAIROBI NORTH SS | L3 | LOWER KABETE SS<>NAIROBI NORTH SS |
| KENGEN PLC | 70 | R1 | OLKARIA<>GEOTHERMAL PLAZA | L1 | OLKARIA<>GEOTHERMAL PLAZA |
| KENGEN PLC | 70 | R2 | SONDU MIRIU | L1 | SONDU MIRIU |
| KENGEN PLC | 70 | R3 | TURKWEL | L1 | TURKWEL |
| KENGEN PLC | 70 | R4 | GITARU | L1 | GITARU |
| KENGEN PLC | 70 | R5 | GITARU DR SITE | L1 | GITARU DR SITE |
| KENGEN PLC | 70 | R6 | KAMBURU 132 | L1 | KAMBURU 132 |
| KENGEN PLC | 70 | R7 | MASINGA | L1 | MASINGA |
| KENGEN PLC | 70 | R8 | KINDARUMA | L1 | KINDARUMA |
| KENGEN PLC | 70 | R9 | KIAMBERE | L1 | KIAMBERE |
| KENGEN PLC | 70 | R10 | GARISSA | L1 | GARISSA |
| KENGEN PLC | 70 | R11 | TANA | L1 | TANA |
| KENGEN PLC | 70 | R12 | WANJII | L1 | WANJII |
| KENGEN PLC | 70 | R13 | SAGANA | L1 | SAGANA |
| KENGEN PLC | 70 | R14 | NGONG | L1 | NGONG |
| KENGEN PLC | 70 | R15 | OLKARIA<>ISMS | L1 | OLKARIA<>ISMS |
| KENGEN PLC | 70 | R16 | KAMBURU<>ISMS | L1 | KAMBURU<>ISMS |
| KENGEN PLC | 70 | R17 | KIPEVU | L1 | KIPEVU |
| KENGEN PLC | 70 | R18 | MOMBASA<>MACHAKUSI | L1 | Mombasa<>Nairobi |
| KENGEN PLC | 70 | R18 | MOMBASA<>MACHAKUSI | L2 | Nairobi<>Machakusi |
| BCS GROUP | 71 | R2 | Embakasi ss<>Isiolo | L1 | Embakasi ss<>Dandora ss |
| BCS GROUP | 71 | R2 | Embakasi ss<>Isiolo | L2 | Dandora ss<>Kamburu 220 ss |
| BCS GROUP | 71 | R2 | Embakasi ss<>Isiolo | L3 | Kamburu 220 ss<>Kamburu 132 ss |
| BCS GROUP | 71 | R2 | Embakasi ss<>Isiolo | L4 | Isiolo 132 ss<>Isiolo 33 ss |
| BCS GROUP | 71 | R2 | Embakasi ss<>Isiolo | L5 | Isiolo 33 ss<>Isiolo office |
| BCS GROUP | 71 | R3 | EADC<>Embakasi | L1 | EADC<>Embakasi ss |
| BCS GROUP | 71 | R4 | Icolo<>Kipevu | L1 | Icolo MBA1<>Kipevu HT |
| BCS GROUP | 71 | R5 | Embakasi<>Icolo MBa1 | L1 | Embakasi ss<>Konza ss |
| BCS GROUP | 71 | R5 | Embakasi<>Icolo MBa1 | L2 | Konza ss<>Kiboko ss |
| BCS GROUP | 71 | R5 | Embakasi<>Icolo MBa1 | L3 | Kiboko ss<>Mtito reactor ss |
| BCS GROUP | 71 | R5 | Embakasi<>Icolo MBa1 | L4 | Mtito reactor ss<>Voi ss |
| BCS GROUP | 71 | R5 | Embakasi<>Icolo MBa1 | L5 | Voi ss<>Maungu ss |
| BCS GROUP | 71 | R5 | Embakasi<>Icolo MBa1 | L6 | Maungu ss<>Rabai ss |
| BCS GROUP | 71 | R5 | Embakasi<>Icolo MBa1 | L7 | Rabai ss<>Jomvu ss |
| BCS GROUP | 71 | R5 | Embakasi<>Icolo MBa1 | L8 | Jomvu ss<>Icolo ss |
| BCS GROUP | 71 | R6 | Makande<>Telephone house | L1 | Makande<>Mbaraki |
| BCS GROUP | 71 | R6 | Makande<>Telephone house | L2 | Mbaraki<>Telephone hose |
| BCS GROUP | 71 | R1 | EADC<>ICOLO NBO1 | L1 | EADC<>EMBAKASI |
| BCS GROUP | 71 | R1 | EADC<>ICOLO NBO1 | L2 | EMBAKASI<>NAIROBI WEST SS |
| BCS GROUP | 71 | R1 | EADC<>ICOLO NBO1 | L3 | NAIROBI WEST SS<>ICOLO |
| MYMANGA NETWORKS LIMITED | 72 | R1 | EADC<>ICOLO NBO1 | L1 | EADC<>EMBAKASI |
| MYMANGA NETWORKS LIMITED | 72 | R1 | EADC<>ICOLO NBO1 | L2 | EMBAKASI<>NAIROBI WEST SS |
| MYMANGA NETWORKS LIMITED | 72 | R1 | EADC<>ICOLO NBO1 | L3 | NAIROBI WEST SS<>ICOLO |
| MYMANGA NETWORKS LIMITED | 72 | R2 | KAREN<>KIKUYU KPLC OFFICE | L1 | KAREN SS<>DAGORETI SS |
| MYMANGA NETWORKS LIMITED | 72 | R2 | KAREN<>KIKUYU KPLC OFFICE | L2 | DAGORETI<>KIKUYU SS |
| MYMANGA NETWORKS LIMITED | 72 | R2 | KAREN<>KIKUYU KPLC OFFICE | L3 | KIKUYU SS<>KIKUYU KPLC OFFICE |
| EXPRESS DATA LIMITED | 73 | R1 | EADC<>RUIRU TRANSMISSION | L1 | EADC<>EMBAKASI SS |
| EXPRESS DATA LIMITED | 73 | R1 | EADC<>RUIRU TRANSMISSION | L2 | EMBAKASI SS<>DANDORA SS |
| EXPRESS DATA LIMITED | 73 | R1 | EADC<>RUIRU TRANSMISSION | L3 | DANDORA SS<>JUJA RD NCC |
| EXPRESS DATA LIMITED | 73 | R1 | EADC<>RUIRU TRANSMISSION | L4 | JUJA RD NCC<>RUARAKA 132 |
| EXPRESS DATA LIMITED | 73 | R1 | EADC<>RUIRU TRANSMISSION | L5 | RUARAKA 132<>RUIRU TRANSMISSION |
| EXPRESS DATA LIMITED | 73 | R2 | EADC<>NJIRU SPLICEBOX | L1 | EADC<>INDUSTRIAL SS |
| EXPRESS DATA LIMITED | 73 | R2 | EADC<>NJIRU SPLICEBOX | L2 | INDUSTRIAL SS<>NAIROBI SOUTH SS |
| EXPRESS DATA LIMITED | 73 | R2 | EADC<>NJIRU SPLICEBOX | L3 | NAIROBI SOUTH SS<>KOMAROCKSS |
| EXPRESS DATA LIMITED | 73 | R2 | EADC<>NJIRU SPLICEBOX | L4 | KOMAROCK SS<>NJIRU SPLICE BOX |
| AHADIWIRELESS | 74 | R1 | EADC<>NJIRU SPLICEBOX | L1 | EADC<>INDUSTRIAL SS |
| AHADIWIRELESS | 74 | R1 | EADC<>NJIRU SPLICEBOX | L2 | INDUSTRIAL SS<>NAIROBI SOUTH SS |
| AHADIWIRELESS | 74 | R1 | EADC<>NJIRU SPLICEBOX | L3 | NAIROBI SOUTH SS<>KOMAROCKSS |
| AHADIWIRELESS | 74 | R1 | EADC<>NJIRU SPLICEBOX | L4 | KOMAROCK SS<>NJIRU SPLICE BOX |
| AHADIWIRELESS | 74 | R2 | EADC<>ROYSAMBU 132 | L1 | EADC<>EMBAKASI SS |
| AHADIWIRELESS | 74 | R2 | EADC<>ROYSAMBU 132 | L2 | EMBAKASI<>DANDORA SS |
| AHADIWIRELESS | 74 | R2 | EADC<>ROYSAMBU 132 | L3 | DANDORA SS<>JUJA RD NCC |
| AHADIWIRELESS | 74 | R2 | EADC<>ROYSAMBU 132 | L4 | JUJA RD NCC<>RUARAKA 132 |
| AHADIWIRELESS | 74 | R3 | ROYSAMBU 132<>BABA DOGO | L1 | RUARAKA 132<>BABA DOGO SS |
| AHADIWIRELESS | 74 | R4 | EADC<>RAGATI SS | L1 | EADC<>EMBAKASI SS |
| AHADIWIRELESS | 74 | R4 | EADC<>RAGATI SS | L2 | EMBAKASI SS<>CITY CENTER SS |
| AHADIWIRELESS | 74 | R4 | EADC<>RAGATI SS | L3 | CITY CENTER SS<>RAGATI SS |
| EASY BROADBAND LIMITED | 75 | R1 | EADC<>RAGATI SS | L1 | EADC<>EMBAKASI SS |
| EASY BROADBAND LIMITED | 75 | R1 | EADC<>RAGATI SS | L2 | EMBAKASI SS<>CITY CENTER SS |
| EASY BROADBAND LIMITED | 75 | R1 | EADC<>RAGATI SS | L3 | CITY CENTER SS<>RAGATI SS |
| EASY BROADBAND LIMITED | 75 | R2 | PAIX DC (UPPERHILL)<>EADC | L1 | PAIX<>RAGATI SS |
| EASY BROADBAND LIMITED | 75 | R2 | PAIX DC (UPPERHILL)<>EADC | L2 | RAGATI SS<>CITY CENTRE SS |
| EASY BROADBAND LIMITED | 75 | R2 | PAIX DC (UPPERHILL)<>EADC | L3 | CITY CENTRE SS<>LIKONI RD SS |
| EASY BROADBAND LIMITED | 75 | R2 | PAIX DC (UPPERHILL)<>EADC | L4 | LIKONI RD SS<>INDUSTRIAL SS |
| EASY BROADBAND LIMITED | 75 | R2 | PAIX DC (UPPERHILL)<>EADC | L5 | INDUSTRIAL SS<>EADC |
| UNWIRED COMMUNICATIONS LIMITED | 76 | R1 | PAIX DC (UPPERHILL)<>EADC | L1 | PAIX<>RAGATI SS |
| UNWIRED COMMUNICATIONS LIMITED | 76 | R1 | PAIX DC (UPPERHILL)<>EADC | L2 | RAGATI SS<>CITY CENTRE SS |
| UNWIRED COMMUNICATIONS LIMITED | 76 | R1 | PAIX DC (UPPERHILL)<>EADC | L3 | CITY CENTRE SS<>LIKONI RD SS |
| UNWIRED COMMUNICATIONS LIMITED | 76 | R1 | PAIX DC (UPPERHILL)<>EADC | L4 | LIKONI RD SS<>INDUSTRIAL SS |
| UNWIRED COMMUNICATIONS LIMITED | 76 | R1 | PAIX DC (UPPERHILL)<>EADC | L5 | INDUSTRIAL SS<>EADC |
| UNWIRED COMMUNICATIONS LIMITED | 76 | R2 | EADC<>KPLC RUAI OFFICE | L1 | EADC<>EMBAKASI SS |
| UNWIRED COMMUNICATIONS LIMITED | 76 | R2 | EADC<>KPLC RUAI OFFICE | L2 | EMBAKASI SS<>DANDORA SS |
| UNWIRED COMMUNICATIONS LIMITED | 76 | R2 | EADC<>KPLC RUAI OFFICE | L3 | DANDORA SS<>NCC JUJA RD SS |
| UNWIRED COMMUNICATIONS LIMITED | 76 | R2 | EADC<>KPLC RUAI OFFICE | L4 | NCC JUJA RD SS<>KOMAROCK SS |
| UNWIRED COMMUNICATIONS LIMITED | 76 | R2 | EADC<>KPLC RUAI OFFICE | L5 | KOMAROCK SS<>RUAI SS |
| UNWIRED COMMUNICATIONS LIMITED | 76 | R2 | EADC<>KPLC RUAI OFFICE | L6 | RUAI SS<>KPLC RUAI OFFICE |
| UNWIRED COMMUNICATIONS LIMITED | 76 | R3 | EADC<>RUARAKA SS | L1 | EADC<>EMBAKASI SS |
| UNWIRED COMMUNICATIONS LIMITED | 76 | R3 | EADC<>RUARAKA SS | L2 | EMBAKASI SS<>DANDORA SS |
| UNWIRED COMMUNICATIONS LIMITED | 76 | R3 | EADC<>RUARAKA SS | L3 | DANDORA SS<>NCC JUJA RD SS |
| UNWIRED COMMUNICATIONS LIMITED | 76 | R3 | EADC<>RUARAKA SS | L4 | NCC JUJA RD SS<>RUARAKA SS |
| UNWIRED COMMUNICATIONS LIMITED | 76 | R4 | EADC<>KOMAROCK SS | L1 | EADC<>EMBAKASI SS |
| UNWIRED COMMUNICATIONS LIMITED | 76 | R4 | EADC<>KOMAROCK SS | L2 | EMBAKASI SS<>DANDORA SS |
| UNWIRED COMMUNICATIONS LIMITED | 76 | R4 | EADC<>KOMAROCK SS | L3 | DANDORA SS<>NCC JUJA RD |
| UNWIRED COMMUNICATIONS LIMITED | 76 | R4 | EADC<>KOMAROCK SS | L4 | NCC JUJA RD<>KOMAROCK |
| DANSTED TECH SUPPLIERS LIMITED | 77 | R1 | EADC<>KOMAROCK SS | L1 | EADC<>EMBAKASI SS |
| DANSTED TECH SUPPLIERS LIMITED | 77 | R1 | EADC<>KOMAROCK SS | L2 | EMBAKASI SS<>DANDORA SS |
| DANSTED TECH SUPPLIERS LIMITED | 77 | R1 | EADC<>KOMAROCK SS | L3 | DANDORA SS<>NCC JUJA RD |
| DANSTED TECH SUPPLIERS LIMITED | 77 | R1 | EADC<>KOMAROCK SS | L4 | NCC JUJA RD<>KOMAROCK |
| DANSTED TECH SUPPLIERS LIMITED | 77 | R2 | EADC<>OLD KPLC KITENGELA OFFICE | L1 | EADC<>EMBAKASI SS |
| DANSTED TECH SUPPLIERS LIMITED | 77 | R2 | EADC<>OLD KPLC KITENGELA OFFICE | L2 | EMBAKASI SS<>ATHI RIVER SS |
| DANSTED TECH SUPPLIERS LIMITED | 77 | R2 | EADC<>OLD KPLC KITENGELA OFFICE | L3 | ATHI RIVER SS<>EPZ KITENGBELA |
| DANSTED TECH SUPPLIERS LIMITED | 77 | R2 | EADC<>OLD KPLC KITENGELA OFFICE | L4 | EPZ KITENGELA<>OLD KPLC KITENGELA OFFICE |
| DANSTED TECH SUPPLIERS LIMITED | 77 | R3 | VOLTALIA SOLAR PLANT<>GRUPOTEC RADIANT SOLAR PLANT | L1 | VOLTALIA SOLAR PLANT<>GRUPOTEC RADIANT SOLAR PLANT |
| DANSTED TECH SUPPLIERS LIMITED | 77 | R4 | LESSOS SS<>RADIANT SOLAR PLANT | L1 | LESSOS SS<>RADIANT SOLAR PLANT |
| DANSTED TECH SUPPLIERS LIMITED | 77 | R5 | EADC<>ATHI RIVER SS | L1 | EADC<>EMBAKASI SS |
| DANSTED TECH SUPPLIERS LIMITED | 77 | R5 | EADC<>ATHI RIVER SS | L2 | EMBAKASI SS<>MLOLONGO STORES<>ATHI RIVER SS |
| SYOKINET SOLUTIONS LTD | 78 | R1 | MOMBASA<>NAIROBI | L1 | MOMBASA<>NAIROBI |
| SYOKINET SOLUTIONS LTD | 78 | R2 | EADC<>NEW KUTUS SS | L1 | EADC<>VILLA FRANCA<>EMBAKASI SS |
| SYOKINET SOLUTIONS LTD | 78 | R2 | EADC<>NEW KUTUS SS | L2 | EMBAKASI SS<>DANDORA SS |
| FRONTIER OPTICAL NETWORKS LIMITED | 79 | R1 | EADC<>NEW KUTUS SS | L1 | EADC<>VILLA FRANCA<>EMBAKASI SS |
| MILLENIA LIMITED | 80 | R1 | EADC<>NEW KUTUS SS | L1 | EMBAKASI SS<>DANDORA SS |
| MILLENIA LIMITED | 80 | R1 | EADC<>NEW KUTUS SS | L2 | DANDORA SS<>KAMBURU 220 |
| MILLENIA LIMITED | 80 | R1 | EADC<>NEW KUTUS SS | L3 | KAMBURU 220<>MASINGA SS |
| MILLENIA LIMITED | 80 | R1 | EADC<>NEW KUTUS SS | L4 | MASINGA SS<>NEW KUTUS SS |
| MILLENIA LIMITED | 80 | R2 | RUARAKA 132<>KIAMBU ROADBY PASS SPLICE BOX | L1 | RUARAKA 132<>RIDGERWAYS SS |
| MILLENIA LIMITED | 80 | R2 | RUARAKA 132<>KIAMBU ROADBY PASS SPLICE BOX | L2 | RIDGERWAYS SS<>KIAMBU ROAD BYPASS SPLICE BOX |
| VIJIJI CONNECT LIMITED | 81 | R1 | EADC<>RUARAKA 132 SS | L1 | EADC<>EMBAKASI SS |
| VIJIJI CONNECT LIMITED | 81 | R1 | EADC<>RUARAKA 132 SS | L2 | EMBAKASI SS<>DANDORA SS |
| VIJIJI CONNECT LIMITED | 81 | R1 | EADC<>RUARAKA 132 SS | L3 | DANDORA SS<>NCC (JUJA RD) SS |
| VIJIJI CONNECT LIMITED | 81 | R1 | EADC<>RUARAKA 132 SS | L4 | NCC (JUJA RD) SS<>RUARAKA 132 SS |
| VIJIJI CONNECT LIMITED | 81 | R2 | RUARAKA 132 SS<>THIKA DEPOT SS | L1 | RUARAKA 132 SS<>RUIRU SS |
| VIJIJI CONNECT LIMITED | 81 | R2 | RUARAKA 132 SS<>THIKA DEPOT SS | L2 | RUIRU SS<>MANGU SS |
| VIJIJI CONNECT LIMITED | 81 | R2 | RUARAKA 132 SS<>THIKA DEPOT SS | L3 | MANGU SS<>THIKA DEPOT SS |
| VIJIJI CONNECT LIMITED | 81 | R3 | GEDE SS<>WATAMU SS | L1 | GEDE SS<>WATAMU SS |
| ZEPLIN INVESTMENTS LIMITED | 82 | R2 | ICOLO DC<>MALINDI DEPOT | L1 | ICOLO DC<>SHANZU SS |
| ZEPLIN INVESTMENTS LIMITED | 82 | R2 | ICOLO DC<>MALINDI DEPOT | L2 | SHANZU SS<>KILIFI SS |
| ZEPLIN INVESTMENTS LIMITED | 82 | R2 | ICOLO DC<>MALINDI DEPOT | L3 | KILIFI SS<>GEDE SS |
| ZEPLIN INVESTMENTS LIMITED | 82 | R2 | ICOLO DC<>MALINDI DEPOT | L4 | GEDE SS<>MALINDI DEPOT |
| ZEPLIN INVESTMENTS LIMITED | 82 | R1 | EADC<>KOMAROCK SS | L1 | EADC<>EMBAKASI SS |
| ZEPLIN INVESTMENTS LIMITED | 82 | R1 | EADC<>KOMAROCK SS | L2 | DANDORA SS<>JUJA RD NCC |
| CHINA TELECOM LIMITED | 83 | R1 | JUJA RD NCC<>KOMAROCK SS | L1 | JUJA RD NCC<>KOMAROCK SS |
