lat,lng,name,capacity,fibreStatus,darkFibreCores,connectionType,owner,area,locaction,created_at,updated_at
-0.41758076,34.60091588,ADIEDO  SUB ( 33 / 11 KV),33,Available,12,Patch Panel,KPLC,WEST KENYA,ADIEDO MARKET,10/30/2025,10/30/2025
0.976273241,35.10115634,KAPLAMAI 33/11KV ( 33 / 11 KV),33,Available,12,Patch Panel,KPLC,NORTH RIFT,KIMOSON,10/30/2025,10/30/2025
-0.377533338,35.26566895,"KERICHO ( 33 / 11,33 KV)",33,Available,12,Patch Panel,KPLC,CENTRAL RIFT,KERICHO,10/30/2025,10/30/2025
-0.411875306,35.28291047,"AHP ( 33 / 11,33 KV)",33,Available,12,Patch Panel,KPLC,CENTRAL RIFT,JAMES FINLY FARM,10/30/2025,10/30/2025
-0.367500967,35.16825665,SOSIOT ( 33 / 11 KV),33,Available,12,Patch Panel,KPLC,CENTRAL RIFT,SOSIOT TOWN CENTRE.,10/30/2025,10/30/2025
1.023685181,35.00914433,KITALE 33/11KV ( 33 / 11 KV),33,Available,12,Patch Panel,KPLC,NORTH RIFT,KITALE FACTORIES,10/30/2025,10/30/2025
-0.315067406,37.80384881,KAJUKI SWITCHING SUBSTATION (,33,Available,12,Patch Panel,KPLC,MT KENYA,KAMUTERIA\QUARRY,10/30/2025,10/30/2025
-0.627072797,36.52679341,MATUNDURA 33/11 SUBSTATION (,33,Available,12,Patch Panel,KPLC,CENTRAL RIFT,MATUNDURA CENTRE,10/30/2025,10/30/2025
-0.872003391,36.57017819,MAGUMU 33/11 KV SUBSTATION (,33,Available,12,Patch Panel,KPLC,CENTRAL RIFT,MAGUMU TOWNSHIP,10/30/2025,10/30/2025
0.267884406,34.75229381,KAKAMEGA ( 33 / 11 KV),33,Available,12,Patch Panel,KPLC,WEST KENYA,NEXT TO KAKAMEGA TOWN,10/30/2025,10/30/2025
-0.890918952,34.73034597,KENYENYA  SUB STATION ( 33 /,33,Available,12,Patch Panel,KPLC,WEST KENYA,KENYENYA,10/30/2025,10/30/2025
-3.867428611,39.66052452,RIBE 33/11KV SUBSTATION ( 33,33,Available,12,Patch Panel,KPLC,COAST,RIBE,10/30/2025,10/30/2025
-1.073802945,36.53432857,NGEMWA KPC ( 66 / 0.415 KV),66,Available,12,Patch Panel,KPLC,NAIROBI,MAIMAHIU,10/30/2025,10/30/2025
-1.23866734,36.73460302,LOWER KABETE 66/11KV  ( 66 /,66,Available,12,Patch Panel,KPLC,NAIROBI,LOWER KABETE NEXT TO UoN SCHOOL OF BUSINESS KABETE CAMPUS,10/30/2025,10/30/2025
-1.313717671,36.85092948,NEW INDUSTRIAL P/SUBSTATION (,66,Available,12,Patch Panel,KPLC,NAIROBI,INDUSTRIAL AREA,10/30/2025,10/30/2025
0.351544181,34.70810046,INGOTSE ( 33 / 11 KV),33,Available,12,Patch Panel,KPLC,WEST KENYA,INGOTSE,10/30/2025,10/30/2025
-1.329297416,36.8650057,FIRESTONE ( 66 / 0.415 KV),66,Available,12,Patch Panel,PRIVATE,NAIROBI,INDUSTRIAL AREA,10/30/2025,10/30/2025
0.727305485,35.8329436,KIPSARAMAN 33/11KV ( 33 / 11,33,Available,12,Patch Panel,KPLC,CENTRAL RIFT,KIPSARAMAN (BARINGO NORTH),10/30/2025,10/30/2025
0.105198951,37.8169909,MIKINDURI 33/11KV  ( 33 / 11,33,Available,12,Patch Panel,KPLC,MT KENYA,MIKINDURI,10/30/2025,10/30/2025
-0.599750514,34.94618926,NYAMIRA  ( 33 / 11 KV),33,Available,12,Patch Panel,KPLC,WEST KENYA,KONATE,10/30/2025,10/30/2025
-1.287308539,36.8298719,JEEVANJEE ( 66 / 11 KV),66,Available,12,Patch Panel,KPLC,NAIROBI,CITY CENTRE,10/30/2025,10/30/2025
-1.339275195,36.9106337,KENYA PIPELINE ( 66 / 0.415 K,66,Available,12,Patch Panel,KPLC,NAIROBI,INDUSTRIAL  AREA,10/30/2025,10/30/2025
-1.23757021,36.81521329,GIGIRI SUBSTATION ( 66 / 11 K,66,Available,12,Patch Panel,KPLC,NAIROBI,GIGIRI,10/30/2025,10/30/2025
-0.325410134,36.49812869,WANJOHI ( 33 / 11 KV),33,Available,12,Patch Panel,KPLC,CENTRAL RIFT,WANJOHI JUNCTION,10/30/2025,10/30/2025
-1.280876362,36.81594256,UNIVERSITY WAY ( 11 / 11 KV),11,Available,12,Patch Panel,KPLC,NAIROBI,CTY CENTRE,10/30/2025,10/30/2025
-1.257007369,36.79943925,WESTLANDS ( 66 / 11 KV),66,Available,12,Patch Panel,KPLC,NAIROBI,WESTLANDS,10/30/2025,10/30/2025
-1.067261106,37.11878819,THIKA INDUSTRIAL 66/11 ( 66 /,66,Available,12,Patch Panel,KPLC,MT KENYA,MAJENGO,10/30/2025,10/30/2025
-1.263286957,36.87844594,HURUMA ( 66 / 11 KV),66,Available,12,Patch Panel,KPLC,NAIROBI,EASTLEIGH AIR BASE,10/30/2025,10/30/2025
-1.271264589,36.82082972,PARKLANDS ( 66 / 11 KV),66,Available,12,Patch Panel,KPLC,NAIROBI,PARKLANDS,10/30/2025,10/30/2025
-1.30760898,36.90392192,N.S.S.F  ( 66 / 11 KV),66,Available,12,Patch Panel,KPLC,NAIROBI,NSSF ESTATE EMBAKASI,10/30/2025,10/30/2025
-0.483917019,37.12789739,KARATINA ( 33 / 11 KV),33,Available,12,Patch Panel,KPLC,MT KENYA,KARATINA TOWN,10/30/2025,10/30/2025
-1.328103625,36.86566023,EAST AFRICA DATA CENTRE  ( 66,66,Available,12,Patch Panel,PRIVATE,NAIROBI,EAST AFRICA DATA CENTRE,10/30/2025,10/30/2025
-0.312997486,36.06980361,MWARIKI 33/11KV  ( 33 / 11 KV),33,Available,12,Patch Panel,KPLC,CENTRAL RIFT,NAKURU RACE COURSE,10/30/2025,10/30/2025
-1.142610536,37.56002769,MATUU 33/11 SUBSTATION ( 33 /,33,Available,12,Patch Panel,KPLC,MT KENYA,MATUU TOWNSHIP,10/30/2025,10/30/2025
-0.786425602,35.33939437,BOMET ( 33 / 11 KV),33,Available,12,Patch Panel,KPLC,CENTRAL RIFT,BOMET,10/30/2025,10/30/2025
2.90599991,37.62566469,MAIKONA POWER STATION ( 33 /,33,Available,12,Patch Panel,KPLC,MT KENYA,MAIKONA,10/30/2025,10/30/2025
-0.772372804,34.94343905,KEROKA ( 33 / 11 KV),33,Available,12,Patch Panel,KPLC,WEST KENYA,KEROKA TOWNSHIP,10/30/2025,10/30/2025
-0.56972884,37.48760984,EMBU EAST ( 33 / 11 KV),33,Available,12,Patch Panel,KPLC,MT KENYA,MUTHATHARI STN,10/30/2025,10/30/2025
-1.08807359,36.86296126,NYAGA ( 33 / 11 KV),33,Available,12,Patch Panel,KPLC,NAIROBI,NYAGA,10/30/2025,10/30/2025
0.07983699,34.28621834,SIAYA ( 33 / 11 KV),33,Available,12,Patch Panel,KPLC,WEST KENYA,SIAYA TOWN,10/30/2025,10/30/2025
-0.392117329,35.01734691,SONDU ( 33 / 11 KV),33,Available,12,Patch Panel,KPLC,CENTRAL RIFT,SONDU MARKET,10/30/2025,10/30/2025
-4.665283174,39.39479082,WASINI GENERATION STATION ( 0,0.415,Available,12,Patch Panel,KPLC,COAST,WASINI - SHIMONI,10/30/2025,10/30/2025
-0.134389058,37.67768744,KANYAKINE ( 33 / 11 KV),33,Available,12,Patch Panel,KPLC,MT KENYA,KANYEKINE,10/30/2025,10/30/2025
-0.723992773,36.43143097,KIHOTO SUBSTATION ( 33 / 11 K,33,Available,12,Patch Panel,KPLC,CENTRAL RIFT,NAIVASHA,10/30/2025,10/30/2025
-1.340091224,36.87337587,MOMBASA ROAD ( 66 / 11 KV),66,Available,12,Patch Panel,KPLC,NAIROBI,EMBAKASI,10/30/2025,10/30/2025
-1.29569825,36.82631818,LANDMAWE 66/11KV ( 66 / 11 KV),66,Available,12,Patch Panel,KPLC,NAIROBI,RAILWAYS,10/30/2025,10/30/2025
-1.067182806,36.75131995,GITHUNGURI SUBSTATION ( 66 /,66,Available,12,Patch Panel,KPLC,NAIROBI,ALONG GITHUNGURI UPLANDS ROAD NEAR GITHIGA RD JUNCTION,10/30/2025,10/30/2025
-0.942101143,37.01982238,NG'ARARIA 66KV/11KV ( 66 / 11,66,Available,12,Patch Panel,KPLC,MT KENYA,NG'ARARIA,10/30/2025,10/30/2025
0.672647128,34.42953472,MALAKISI ( 33 / 11 KV),33,Available,12,Patch Panel,KPLC,WEST KENYA,MALAKISI TOWN,10/30/2025,10/30/2025
-1.262178282,36.89420142,STEEL BILLETS ( 66 / 11 KV),66,Available,12,Patch Panel,KPLC,NAIROBI,DANDORA,10/30/2025,10/30/2025
0.141543675,34.09878301,RUAMBWA ( 33 / 11 KV),33,Available,12,Patch Panel,KPLC,WEST KENYA,RUAMBA,10/30/2025,10/30/2025
-4.048753267,39.66929748,TONONOKA 33/11KV SUBSTATION (,33,Available,12,Patch Panel,KPLC,COAST,TONONOKA,10/30/2025,10/30/2025
0.102718475,35.22885935,NANDI HILLS 33/11KV  ( 33 / 1,33,Available,12,Patch Panel,KPLC,NORTH RIFT,NANDI TEA ESTATES,10/30/2025,10/30/2025
-3.817346606,39.60725767,KALOLENI 33/11 KV  SUBSTATION,33,Available,12,Patch Panel,KPLC,COAST,KALOLENI,10/30/2025,10/30/2025
-3.872673094,39.4809769,MARIAKANI  33/11KV SUBSTATION,33,Available,12,Patch Panel,KPLC,COAST,MARIAKANI,10/30/2025,10/30/2025
-1.363843831,36.65735342,NGONG ( 66 / 11 KV),66,Available,12,Patch Panel,KPLC,NAIROBI,NGONG,10/30/2025,10/30/2025
0.039585165,35.72809312,ELDAMA RAVINE 33KV SWITCHING,33,Available,12,Patch Panel,KPLC,CENTRAL RIFT,ELDAMA RAVINE,10/30/2025,10/30/2025
0.054950757,37.6372293,KINORU 33/11 ( 33 / 11 KV),33,Available,12,Patch Panel,KPLC,MT KENYA,MERU TOWN,10/30/2025,10/30/2025
-3.946982127,39.76703341,MTWAPA  33/11KV SUBSTATION (,33,Available,12,Patch Panel,KPLC,COAST,MTWAPA,10/30/2025,10/30/2025
0.332681767,37.57529876,"ISIOLO ( 33 / 11,33 KV)",33,Available,12,Patch Panel,KPLC,MT KENYA,ISIOLO TOWN,10/30/2025,10/30/2025
-1.724193272,36.36942826,MAGADI GSU ( 66 / 33 KV),66,Available,12,Patch Panel,KPLC,NAIROBI,NAIROBI-MAGADI ROAD,10/30/2025,10/30/2025
-1.216927265,36.77800096,KITSURU ( 66 / 11 KV),66,Available,12,Patch Panel,KPLC,NAIROBI,KITSURU,10/30/2025,10/30/2025
-1.342842431,36.91318828,NEW AIRPORT ( 66 / 11 KV),66,Available,12,Patch Panel,KPLC,NAIROBI,EMBAKASI,10/30/2025,10/30/2025
-0.12394453,34.00134055,MAGETA ISLAND  POWER STATION,,Available,12,Patch Panel,KPLC,WEST KENYA,MAGETA ISLAND,10/30/2025,10/30/2025
-1.22270685,36.84001221,RIDGEWAYS ( 66 / 11 KV),66,Available,12,Patch Panel,KPLC,NAIROBI,RIDGEWAYS,10/30/2025,10/30/2025
-3.661545073,39.86552244,KILIFI PLANTATION 33/11KV S/S,,Available,12,Patch Panel,KPLC,COAST,KILIFI,10/30/2025,10/30/2025
-4.007109385,39.71725064,BAMBURI CEMENT 33/11KV SUBSTA,33,Available,12,Patch Panel,KPLC,COAST,BAMBURI,10/30/2025,10/30/2025
-1.266399648,36.72296243,KABETE ( 66 / 11 KV),66,Available,12,Patch Panel,KPLC,NAIROBI,KABETE,10/30/2025,10/30/2025
-1.282879681,36.7865186,KILELESHWA ( 66 / 11 KV),66,Available,12,Patch Panel,KPLC,NAIROBI,KILELESHWA,10/30/2025,10/30/2025
-3.22155462,40.11488274,MALINDI 33/11KV SUBSTATION (,33,Available,12,Patch Panel,KPLC,COAST,MALINDI  TOWN,10/30/2025,10/30/2025
-0.473938353,36.29922919,GILGIL ( 33 / 11 KV),33,Available,12,Patch Panel,KPLC,CENTRAL RIFT,KIKOPEY,10/30/2025,10/30/2025
1.085091788,34.84783125,ENDEBESS ( 33 / 11 KV),33,Available,12,Patch Panel,KPLC,NORTH RIFT,ENDEBESS,10/30/2025,10/30/2025
-1.015694848,35.64715686,"OLOLUNGA  ( 33 / 11,33 KV)",33,Available,12,Patch Panel,KPLC,CENTRAL RIFT,OLOLUNGA MARKET,10/30/2025,10/30/2025
-4.036884715,39.68197938,KISAUNI 33KV SWITCHING SUBSTA,33,Available,12,Patch Panel,KPLC,COAST,KISAUNI,10/30/2025,10/30/2025
-1.03428829,36.6270544,UPLANDS 66/11 SUBSTATION ( 66,66,Available,12,Patch Panel,KPLC,MT KENYA,UPLANDS,10/30/2025,10/30/2025
-1.286627262,36.86295627,KIMATHI 66 ( 66 / 11 KV),66,Available,12,Patch Panel,KPLC,NAIROBI,KIMATHI ESTATE,10/30/2025,10/30/2025
-0.748940336,37.17479617,WANJII ( 0.415 / 11 KV),0.415,Available,12,Patch Panel,KPLC,MT KENYA,MUKUYU,10/30/2025,10/30/2025
0.64698541,35.1674648,MOI BARRACKS 33/11KV ( 33 / 1,33,Available,12,Patch Panel,KPLC,NORTH RIFT,ELDORET,10/30/2025,10/30/2025
-4.021367423,39.62028177,KPR 33/11KV SUBSTATION ( 33 /,33,Available,12,Patch Panel,KPLC,COAST,CHANGAMWE,10/30/2025,10/30/2025
-1.123433291,36.75743985,CIANDA ( 66 / 11 KV),66,Available,12,Patch Panel,KPLC,NAIROBI,KIAMBU,10/30/2025,10/30/2025
0.618326774,34.65694895,BUKEMBE 33/11 KV ( 33 / 11 KV),33,Available,12,Patch Panel,KPLC,WEST KENYA,BUKEMBE,10/30/2025,10/30/2025
-0.07516611,37.59870451,NKUENE ( 33 / 11 KV),33,Available,12,Patch Panel,KPLC,MT KENYA,NKUENE,10/30/2025,10/30/2025
-1.28713445,36.83559207,"MUTHURWA  ( 66 / 11,66 KV)",66,Available,12,Patch Panel,KPLC,NAIROBI,MUTHURWA EST,10/30/2025,10/30/2025
-3.402477136,38.36268378,WUNDANYI 33/11KV SUBSTATION (,33,Available,12,Patch Panel,KPLC,COAST,WUNDANYI,10/30/2025,10/30/2025
-0.605520921,36.88111177,MUIRUNGI 33/11 ( 33 / 11 KV),33,Available,12,Patch Panel,KPLC,MT KENYA,MUIRUNGI MARKET,10/30/2025,10/30/2025
-0.469285685,37.39150595,KIAMUTUGU  33/11 ( 33 / 11 KV),33,Available,12,Patch Panel,KPLC,MT KENYA,KIAMUTUGU SHOPPING CENTRE,10/30/2025,10/30/2025
-0.830771752,34.88703828,KIAMOKAMA ( 33 / 11 KV),33,Available,12,Patch Panel,KPLC,WEST KENYA,KIAMOKAMA TEA FACTORY,10/30/2025,10/30/2025
-0.28586222,36.0592266,NAKURU DEPOT ( 33 / 11 KV),33,Available,12,Patch Panel,KPLC,CENTRAL RIFT,NAKURU TOWN,10/30/2025,10/30/2025
-1.29972932,36.85498004,LIKONI ROAD ( 66 / 11 KV),66,Available,12,Patch Panel,KPLC,NAIROBI,likoni  road,10/30/2025,10/30/2025
2.367489091,35.6446573,LOKICHAR 66/33KV  ( 66 / 33 K,66,Available,12,Patch Panel,REA,NORTH RIFT,LOKICHAR TOWN,10/30/2025,10/30/2025
-0.170832153,34.94439304,AHERO 33/11KV ( 33 / 11 KV),33,Available,12,Patch Panel,KPLC,WEST KENYA,AHERO MAGENDO ROAD,10/30/2025,10/30/2025
-1.293879354,36.68402357,DAGORETTI 66/11 SUBSTATION (,66,Available,12,Patch Panel,KPLC,NAIROBI,DAGORETTI,10/30/2025,10/30/2025
-1.292383934,36.8416038,JOGOO ROAD DOONHOLM ( 11 / 11,11,Available,12,Patch Panel,KPLC,NAIROBI,KALOLENI,10/30/2025,10/30/2025
-0.331205388,36.90816842,MWEIGA ( 33 / 11 KV),33,Available,12,Patch Panel,KPLC,MT KENYA,MWEIGA SUBSTATION,10/30/2025,10/30/2025
-1.36207131,38.00852287,KITUI ( 33 / 11 KV),33,Available,12,Patch Panel,KPLC,MT KENYA,KTUI TOWN,10/30/2025,10/30/2025
-0.658253956,37.36397958,MWEA 33/11KV SUBSTATION ( 33,33,Available,12,Patch Panel,KPLC,MT KENYA,MWEA-WANGURU,10/30/2025,10/30/2025
-1.16744214,36.75493732,"KARURI 66/11 KV  ( 66 / 11,66",66,Available,12,Patch Panel,KPLC,NAIROBI,BANANA,10/30/2025,10/30/2025
-1.458485802,37.00470089,GULF POWER GENERATING STATION,66,Available,12,Patch Panel,KPLC,NAIROBI,ATHI RIVER,10/30/2025,10/30/2025
-0.730241884,36.89555616,GITHAMBO ( 33 / 11 KV),33,Available,12,Patch Panel,KPLC,MT KENYA,GiTHAMBO,10/30/2025,10/30/2025
1.082704329,36.7013281,MARALAL 33/11KV ( 33 / 11 KV),33,Available,12,Patch Panel,KPLC,CENTRAL RIFT,MARALAL TOWN,10/30/2025,10/30/2025
-0.876644053,37.59359226,MASINGA 33/11KV ( 33 / 11 KV),33,Available,12,Patch Panel,KPLC,MT KENYA,MASINGA DAM,10/30/2025,10/30/2025
-0.166720981,37.02432881,NARO MORU ( 33 / 11 KV),33,Available,12,Patch Panel,KPLC,MT KENYA,NAROMORU TOWN,10/30/2025,10/30/2025
0.946301881,35.51541821,CHEPTONGEI 33/11 KV ( 33 / 11,33,Available,12,Patch Panel,KPLC,NORTH RIFT,CHEPTONGEI,10/30/2025,10/30/2025
-0.539588646,36.95458279,OTHAYA ( 33 / 11 KV),33,Available,12,Patch Panel,KPLC,MT KENYA,OTHAYA,10/30/2025,10/30/2025
-4.263711553,39.5708384,DIANI 33/11KV SUBSTATION ( 33,33,Available,12,Patch Panel,KPLC,COAST,DIANI,10/30/2025,10/30/2025
-1.4677631,36.96065787,EPZ KITENGELA(66/11) ( 66 / 1,66,Available,12,Patch Panel,KPLC,NAIROBI,KITENGELA,10/30/2025,10/30/2025
1.259736578,35.10038228,KAPENGURIA 33/11KV ( 33 / 11,33,Available,12,Patch Panel,KPLC,NORTH RIFT,KAPENGURIA,10/30/2025,10/30/2025
0.073839143,35.54509347,TIMBOROA  ( 33 / 11 KV),33,Available,12,Patch Panel,KPLC,CENTRAL RIFT,TIMBOROA,10/30/2025,10/30/2025
-3.35614725,40.01119694,WATAMU 33/11KV SUBSTATION ( 3,33,Available,12,Patch Panel,KPLC,COAST,WATAMU,10/30/2025,10/30/2025
-0.114412655,35.94141624,KABARAK 33/11 SUBSTATION ( 33,33,Available,12,Patch Panel,KPLC,CENTRAL RIFT,KAMPI YA MOTO,10/30/2025,10/30/2025
-0.737630595,37.15508269,MURANGA 33/11KV SUBSTAION ( 3,33,Available,12,Patch Panel,KPLC,MT KENYA,MURANGA,10/30/2025,10/30/2025
-4.047050603,39.64952252,KPA 11KV BUS BAR STATION ( 11,11,Available,12,Patch Panel,KPLC,COAST,SHIMANZI GATE 12,10/30/2025,10/30/2025
-0.087787222,35.12857895,"CHEMELIL 33/11KV ( 33 / 11,33",33,Available,12,Patch Panel,KPLC,WEST KENYA,CHEMELIL TOWN,10/30/2025,10/30/2025
-1.295728947,36.81363773,RAGATI ( 66 / 11 KV),66,Available,12,Patch Panel,KPLC,NAIROBI,NAIROBI,10/30/2025,10/30/2025
0.779088269,35.38459066,MOIBEN  ( 33 / 11 KV),33,Available,12,Patch Panel,KPLC,NORTH RIFT,MOIBEN,10/30/2025,10/30/2025
-2.238321654,40.86926743,MOKOWE S/STATION ( 33 / 11 KV),33,Available,12,Patch Panel,KPLC,COAST,MOKOWE-LAMU,10/30/2025,10/30/2025
-4.354348437,39.53547195,MWABUNGO 33/11KV SUBSTATION (,33,Available,12,Patch Panel,KPLC,COAST,MWABUNGO,10/30/2025,10/30/2025
-3.972442378,39.74834043,SHANZU 33/11KV SUBSTATION ( 3,33,Available,12,Patch Panel,KPLC,COAST,SHANZU,10/30/2025,10/30/2025
0.654788373,35.49949795,ITEN 33/11KV ( 33 / 11 KV),33,Available,12,Patch Panel,KPLC,NORTH RIFT,ITEN - KAMRINE,10/30/2025,10/30/2025
0.260102134,36.53564036,RUMURUTI ( 33 / 11 KV),33,Available,12,Patch Panel,KPLC,CENTRAL RIFT,RUMURUTI TOWN,10/30/2025,10/30/2025
0.495006626,35.73605601,KABARNET 33/11KV ( 33 / 11 KV),33,Available,12,Patch Panel,KPLC,NORTH RIFT,KABARNET TOWN,10/30/2025,10/30/2025
-1.108989301,37.04677681,NDARUGU ( 33 / 11 KV),33,Available,12,Patch Panel,KPLC,MT KENYA,NDARUGU,10/30/2025,10/30/2025
-1.261458494,36.90753617,KOMAROCK ( 66 / 11 KV),66,Available,12,Patch Panel,KPLC,NAIROBI,KOMAROCK RD,10/30/2025,10/30/2025
-0.566807527,37.32621655,KUTUS ( 33 / 11 KV),33,Available,12,Patch Panel,KPLC,MT KENYA,KUTUS,10/30/2025,10/30/2025
0.092063522,37.48803074,MARANIA ( 33 / 11 KV),33,Available,12,Patch Panel,KPLC,MT KENYA,MARANIA,10/30/2025,10/30/2025
-4.459630885,39.4819661,MSAMBWENI 33/11KV SUBSTATION,33,Available,12,Patch Panel,KPLC,COAST,MSAMBWENI,10/30/2025,10/30/2025
-0.924600502,36.90150727,"NGETHU ( 33 / 11,33 KV)",33,Available,12,Patch Panel,KPLC,MT KENYA,NGETHU,10/30/2025,10/30/2025
0.50673269,34.54463814,SIBEMBE SUBSTATION ( 33 / 11,33,Available,12,Patch Panel,KPLC,WEST KENYA,SIBEMBE,10/30/2025,10/30/2025
0.47586879,35.2725022,ELGON VIEW 33/11KV  ( 33 / 11,33,Available,12,Patch Panel,KPLC,NORTH RIFT,ELGON VIEW,10/30/2025,10/30/2025
0.432952679,34.14842864,BUSIA ( 33 / 11 KV),33,Available,12,Patch Panel,KPLC,WEST KENYA,BUSIA -KISUMU ROAD,10/30/2025,10/30/2025
-0.169953255,35.60484043,LONDIANI ( 33 / 11 KV),33,Available,12,Patch Panel,KPLC,CENTRAL RIFT,NEAR LONDIANI TOWNSHIP,10/30/2025,10/30/2025
-1.084422247,34.46312307,MIGORI ( 33 / 11 KV),33,Available,12,Patch Panel,KPLC,WEST KENYA,MIGORI TOWN SURBURB,10/30/2025,10/30/2025
0.15292813,37.73729382,KIANJAI 33/11KV ( 33 / 11 KV),33,Available,12,Patch Panel,KPLC,MT KENYA,KIANJAI (MERU),10/30/2025,10/30/2025
-4.051301077,39.68832194,NYALI 33/11KV SUBSTATION ( 33,33,Available,12,Patch Panel,KPLC,COAST,NYALI,10/30/2025,10/30/2025
-1.154412437,41.04874609,HULUGHO GENERATION STATION (,33,Available,12,Patch Panel,KPLC,MT KENYA,HULUGHO GARISSA,10/30/2025,10/30/2025
-1.232884904,36.66010286,"KIKUYU ( 66 / 11,66 KV)",66,Available,12,Patch Panel,KPLC,NAIROBI,KIKUYU,10/30/2025,10/30/2025
0.589735459,34.77343531,"WEBUYE ( 33 / 11,33 KV)",33,Available,12,Patch Panel,KPLC,WEST KENYA,WEBUYE,10/30/2025,10/30/2025
-1.298952252,36.80167366,NGONG RD ( 66 / 11 KV),66,Available,12,Patch Panel,KPLC,NAIROBI,NEAR CITY MORTUARY,10/30/2025,10/30/2025
-1.111190098,36.64545177,LIMURU 66/11KV ( 66 / 11 KV),66,Available,12,Patch Panel,KPLC,NAIROBI,LIMURU,10/30/2025,10/30/2025
-1.242929097,36.89035287,BABADOGO ( 66 / 11 KV),66,Available,12,Patch Panel,KPLC,NAIROBI,BABADOGO,10/30/2025,10/30/2025
-0.838598304,36.36215363,DCK ( 33 / 11 KV),33,Available,12,Patch Panel,KPLC,CENTRAL RIFT,DCK CENTRE,10/30/2025,10/30/2025
-1.284420753,37.27510676,TALA 66KV/11KV SUBSTATION ( 6,66,Available,12,Patch Panel,KPLC,NAIROBI,NGULUNI,10/30/2025,10/30/2025
-3.302505257,40.01212959,GEDE 33/11KV SUBSTATION  ( 33,33,Available,12,Patch Panel,KPLC,COAST,GEDE,10/30/2025,10/30/2025
-0.516559517,37.29184106,KERUGOYA ( 33 / 11 KV),33,Available,12,Patch Panel,KPLC,MT KENYA,KERUGOYA TOWN,10/30/2025,10/30/2025
0.003638157,37.07253153,NANYUKI ( 33 / 11 KV),33,Available,12,Patch Panel,KPLC,MT KENYA,NANYUKI,10/30/2025,10/30/2025
-0.475280826,37.05150273,SAGANA FALLS ( 11 / 11 KV),11,Available,12,Patch Panel,KPLC,MT KENYA,NYERI,10/30/2025,10/30/2025
0.043279009,37.22010168,SIRIMON  ( 33 / 11 KV),33,Available,12,Patch Panel,KPLC,MT KENYA,SIRIMON,10/30/2025,10/30/2025
-1.405556061,36.71585597,MATASIA ( 66 / 11 KV),66,Available,12,Patch Panel,KPLC,NAIROBI,MATASIA NKOROI,10/30/2025,10/30/2025
-0.542379222,37.45084462,EMBU 33/11KV ( 33 / 11 KV),33,Available,12,Patch Panel,KPLC,MT KENYA,EMBU TOWN- MAJENGO,10/30/2025,10/30/2025
0.524714824,35.26478558,ELDORET 33/11KV ( 33 / 11 KV),33,Available,12,Patch Panel,KPLC,NORTH RIFT,ELDORET WEST,10/30/2025,10/30/2025
-0.688563277,36.9891709,KANGEMA 33/11 ( 33 / 11 KV),33,Available,12,Patch Panel,KPLC,MT KENYA,KANGEMA,10/30/2025,10/30/2025
0.102334955,37.56271706,KIIRUA ( 33 / 11 KV),33,Available,12,Patch Panel,KPLC,MT KENYA,KIIRUA,10/30/2025,10/30/2025
-0.547956046,34.4561379,HOMABAY ( 33 / 11 KV),33,Available,12,Patch Panel,KPLC,WEST KENYA,HOMABAY SUBURB,10/30/2025,10/30/2025
0.024133709,34.72654228,MAJENGO 33/11 SUBSTATION ( 33,33,Available,12,Patch Panel,KPLC,WEST KENYA,BOYANI,10/30/2025,10/30/2025
-0.30226052,35.81745647,ELBURGON ( 33 / 11 KV),33,Available,12,Patch Panel,KPLC,CENTRAL RIFT,ELBURGON TOWN,10/30/2025,10/30/2025
-0.344906824,35.9426086,NJORO 33/11KV STN ( 33 / 11 K,33,Available,12,Patch Panel,KPLC,CENTRAL RIFT,NJORO (KARI),10/30/2025,10/30/2025
-2.077465754,37.47951735,EMALI ISOLATING SUB 33/19.1KV,33,Available,12,Patch Panel,KPLC,NAIROBI,EMALI NEAR MARIKITI,10/30/2025,10/30/2025
-0.662923921,34.74975301,"KISII ( 33 / 11,33 KV)",33,Available,12,Patch Panel,KPLC,WEST KENYA,NEXT TO KISII TOWN,10/30/2025,10/30/2025
-0.719926015,35.03876992,MATUTU ( 33 / 11 KV),33,Available,12,Patch Panel,KPLC,WEST KENYA,NEXT TO MATUTU MARKET,10/30/2025,10/30/2025
-0.115711362,34.77447259,KISUMU EAST ( 33 / 11 KV),33,Available,12,Patch Panel,KPLC,WEST KENYA,NEXT TO SEWAGE,10/30/2025,10/30/2025
-3.911404916,39.76433885,UMOJA RUBBER 33KV METERING ST,33,Available,12,Patch Panel,KPLC,COAST,KIKAMBALA,10/30/2025,10/30/2025
-0.471538057,35.19239349,KITCO ( 33 / 11 KV),33,Available,12,Patch Panel,KPLC,CENTRAL RIFT,JAMJI TEA FACTORY,10/30/2025,10/30/2025
-1.747829996,41.4729546,KIUNGA POWER STN 415/.11KV (,11,Available,12,Patch Panel,KPLC,COAST,KIUNGA,10/30/2025,10/30/2025
-0.438581092,36.96581548,NYERI SUBSTATION ( 33 / 11 KV),33,Available,12,Patch Panel,KPLC,MT KENYA,RURINGU,10/30/2025,10/30/2025
-1.258896181,36.86022325,RUARAKA COMPLEX 66 / 11 Kv (,66,Available,12,Patch Panel,KPLC,NAIROBI,RUARAKA,10/30/2025,10/30/2025
-0.561784216,37.04525056,MUKURWEINI 33/11 ( 33 / 11 KV),33,Available,12,Patch Panel,KPLC,MT KENYA,MUKURWEINI TOWN,10/30/2025,10/30/2025
-1.832359018,36.80324343,KAJIADO ( 33 / 11 KV),33,Available,12,Patch Panel,KPLC,NAIROBI,KAJIADO TOWN,10/30/2025,10/30/2025
1.779318984,36.79036885,BARAGOI POWER STATION ( NONE,,Available,12,Patch Panel,KPLC,CENTRAL RIFT,BARAGOI TOWN,10/30/2025,10/30/2025
-1.087083317,37.00316535,JKUAT 66KV/11KV ( 66 / 11 KV),66,Available,12,Patch Panel,KPLC,NAIROBI,JKUAT,10/30/2025,10/30/2025
-0.754710501,37.14858435,MESCO ( 66 / 11 KV),66,Available,12,Patch Panel,KPLC,MT KENYA,MURANGA,10/30/2025,10/30/2025
-4.600750143,39.10549395,HORO HORO 33KV SWITCHING SUBS,33,Available,12,Patch Panel,KPLC,COAST,HORO HORO BORDER,10/30/2025,10/30/2025
-0.849641805,36.80816154,GATAKAINI 33/11 ( 33 / 11 KV),33,Available,12,Patch Panel,KPLC,MT KENYA,GATAKAINE KIARUTARA,10/30/2025,10/30/2025
0.358300802,34.48847384,"MUMIAS ( 33 / 11,33 KV)",33,Available,12,Patch Panel,KPLC,WEST KENYA,MUMIAS,10/30/2025,10/30/2025
3.398157512,40.21451236,TAKABA POWER STATION ( 0.415,0.415,Available,12,Patch Panel,KPLC,MT KENYA,MANDERA,10/30/2025,10/30/2025
2.332058228,37.98568918,MARSABIT P/STN ( NONE / 33 KV),,Available,12,Patch Panel,KPLC,MT KENYA,MARSABIT,10/30/2025,10/30/2025
-3.931004882,39.53694694,KOKOTONI 33/11 KV SUBSTATION,33,Available,12,Patch Panel,KPLC,COAST,MAZERAS,10/30/2025,10/30/2025
0.05732248,34.96850521,ALDAI 33/11 KV SUBSTATION ( 3,33,Available,12,Patch Panel,KPLC,NORTH RIFT,KOBUJOI,10/30/2025,10/30/2025
-1.492877986,37.05500195,NATIONAL CEMENT ( 66 / 11 KV),66,Available,12,Patch Panel,KPLC,NAIROBI,ATHI RIVER,10/30/2025,10/30/2025
2.976651799,39.30473069,KORONDILE OFFGRID POWER STATI,0.415,Available,12,Patch Panel,KPLC,MT KENYA,KORONDILE,10/30/2025,10/30/2025
-4.085018011,39.66065246,LIKONI 33/11KV SUBSTATION ( 3,33,Available,12,Patch Panel,KPLC,COAST,LIKONI,10/30/2025,10/30/2025
2.406765537,40.60681299,KUTULO OFFGRID SUBSTATION ( 0,0.415,Available,12,Patch Panel,KPLC,MT KENYA,KUTULO WAJIR,10/30/2025,10/30/2025
-0.89054006,36.29660713,WELLHEAD037 ( NONE / 33 KV),,Available,12,Patch Panel,KENGEN,WEST KENYA,OLKARIA,10/30/2025,10/30/2025
-2.273841361,40.90428795,LAMU POWER SUBSTATION .415/11,0.415,Available,12,Patch Panel,KENGEN,COAST,LAMU TOWN,10/30/2025,10/30/2025
-1.386520543,36.97942989,SYOKIMAU ( 66 / 11 KV),66,Available,12,Patch Panel,KPLC,NAIROBI,SYOKIMAU MULINGE SCHEME,10/30/2025,10/30/2025
-1.464609561,37.01286246,LUKENYA 66/11KV ( 66 / 11 KV),66,Available,12,Patch Panel,KPLC,NAIROBI,LUKENYA,10/30/2025,10/30/2025
-0.641271893,36.24888039,EBURU GENERATION POWER STN (,33,Available,12,Patch Panel,KENGEN,CENTRAL RIFT,EBURU,10/30/2025,10/30/2025
-0.893254628,34.52514413,"AWENDO ( 33 / 11,33 KV)",33,Available,12,Patch Panel,KPLC,WEST KENYA,AWENDO SURBURB,10/30/2025,10/30/2025
0.206192723,35.14831869,KAPSABET 33/11KV ( 33 / 11 KV),33,Available,12,Patch Panel,KPLC,NORTH RIFT,CHEBARBAR_KAMONJIL,10/30/2025,10/30/2025
2.749297766,34.86733309,LOKIRIAMA POWER STATION ( 0.4,0.415,Available,12,Patch Panel,REA,NORTH RIFT,LOKIRIAMA,10/30/2025,10/30/2025
-0.074226984,34.66318662,"KISIAN ( 33 / 11,33 KV)",33,Available,12,Patch Panel,KPLC,WEST KENYA,KISIAN MARKET,10/30/2025,10/30/2025
-1.342090258,36.75796644,LANGATA 66KV / 11KV ( 66 / 11,66,Available,12,Patch Panel,KPLC,NAIROBI,LANGATA RD,10/30/2025,10/30/2025
-2.060357637,41.10737316,FAZA S/STATION ( 33 / 33 KV),33,Available,12,Patch Panel,KPLC,COAST,FAZA,10/30/2025,10/30/2025
-0.069620056,34.3799474,NDORI SWITCHING STATION ( 33,33,Available,12,Patch Panel,KPLC,WEST KENYA,NDORI MARKET,10/30/2025,10/30/2025
-0.054499013,34.97517499,MIWANI 33/11KV ( 33 / 11 KV),33,Available,12,Patch Panel,KPLC,WEST KENYA,MIWANI,10/30/2025,10/30/2025
-3.887137107,39.77563126,PWANI OIL 33KV METERING S/STN,33,Available,12,Patch Panel,KPLC,COAST,KIKAMBALA,10/30/2025,10/30/2025
-0.692675779,35.07314249,SOTIK ( 33 / 11 KV),33,Available,12,Patch Panel,KPLC,CENTRAL RIFT,CHEBITAT MARKET,10/30/2025,10/30/2025
0.523706314,36.63131263,SAMBURU VIRTUAL BOUNDARY ( 33,33,Available,12,Patch Panel,KPLC,CENTRAL RIFT,SAMBURU POSTA,10/30/2025,10/30/2025
-3.971676293,39.54946983,STEEL MAKERS MAZERAS 33KV M/S,33,Available,12,Patch Panel,KPLC,COAST,MAZERAS,10/30/2025,10/30/2025
-4.011486548,39.57976647,KUSCO 33KV METERING STN ( 33,33,Available,12,Patch Panel,KPLC,COAST,MIRITINI,10/30/2025,10/30/2025
0.127037918,34.85792275,CHEPTULU ( 33 / 11 KV),33,Available,12,Patch Panel,KPLC,WEST KENYA,CHEPTULU,10/30/2025,10/30/2025
2.820670369,40.92143835,"ELWAK P/STN ( 0.415 / 11,33 K",0.415,Available,12,Patch Panel,KENGEN,NAIROBI,ELWAK TOWN,10/30/2025,10/30/2025
-1.445715896,36.99071439,DEVKI STEEL  ( 66 / 66 KV),66,Available,12,Patch Panel,KPLC,NAIROBI,ATHI RIVER,10/30/2025,10/30/2025
-0.469576335,34.06438091,MFANGANO POWER STATION ( 0.41,0.415,Available,12,Patch Panel,KPLC,WEST KENYA,MFANGANO,10/30/2025,10/30/2025
-0.415893607,37.58789038,KYENI ( 33 / 11 KV),33,Available,12,Patch Panel,KPLC,MT KENYA,KYENI,10/30/2025,10/30/2025
-0.297824608,37.66884067,MARIMA SUBSTATION 33/11KV ( 3,33,Available,12,Patch Panel,KPLC,MT KENYA,MITHERU MARKET,10/30/2025,10/30/2025
1.068654811,38.65019899,MERTI P/STN ( NONE / 11 KV),11,Available,12,Patch Panel,KPLC,MT KENYA,MERTI TOWN,10/30/2025,10/30/2025
-3.837160972,39.81974199,KURUWITU 33/11KV SUBSTATION (,33,Available,12,Patch Panel,KPLC,COAST,KURUWITU,10/30/2025,10/30/2025
-0.036581851,36.19762123,SUBUKIA ( 33 / 11 KV),33,Available,12,Patch Panel,KPLC,CENTRAL RIFT,MUNANDA FARM,10/30/2025,10/30/2025
3.527809945,38.64732767,SOLOLO POWER STATION ( 0.415,0.415,Available,12,Patch Panel,KPLC,MT KENYA,SOLOLO,10/30/2025,10/30/2025
-0.087861711,34.75786739,OBOTE ROAD SUBSTATION ( 33 /,33,Available,12,Patch Panel,KPLC,WEST KENYA,NEXT TO KICOMI,10/30/2025,10/30/2025
1.909836551,35.36256892,TURKWEL 0.415/11 SUBSTATION (,0.415,Available,12,Patch Panel,KPLC,NORTH RIFT,TURKWEL,10/30/2025,10/30/2025
-1.046609249,37.84312307,KITHYOKO 33kv ( 33 / 33 KV),33,Available,12,Patch Panel,KPLC,MT KENYA,KITHYOKO,10/30/2025,10/30/2025
-3.918121741,39.75832477,KANAMAI 33/11KV SUBSTATION (,33,Available,12,Patch Panel,KPLC,COAST,KANAMAI,10/30/2025,10/30/2025
-1.285051018,36.81714564,CATHEDRAL ( 66 / 11 KV),66,Available,12,Patch Panel,KPLC,NAIROBI,CITY  CENTRE,10/30/2025,10/30/2025
1.754117896,40.0526649,WAJIR P/STN 2.5MVA STEP UP TX,2.5,Available,12,Patch Panel,KPLC,NAIROBI,WAJIR TOWN,10/30/2025,10/30/2025
-1.021798213,37.25837887,NDULA ( 11 / 33 KV),11,Available,12,Patch Panel,KPLC,MT KENYA,KAKUZI,10/30/2025,10/30/2025
-3.977129352,39.71795245,UTANGE 33/11KV SUBSTATION ( 3,33,Available,12,Patch Panel,KPLC,COAST,UTANGE,10/30/2025,10/30/2025
-0.874879245,36.31212585,WELLHEAD 043 ( NONE / 33 KV),33,Available,12,Patch Panel,KENGEN,CENTRAL RIFT,OLKARIA,10/30/2025,10/30/2025
-0.292557371,36.38052155,"OLKALOU SUBSTATION ( 11,33 /","11,33",Available,12,Patch Panel,KPLC,CENTRAL RIFT,OLKALOU,10/30/2025,10/30/2025
4.279123817,35.73207836,LOKITAUNG POWER STATION ( 0.4,0.415,Available,12,Patch Panel,KPLC,NORTH RIFT,LOKITAUNG,10/30/2025,10/30/2025
-4.008409847,39.58239957,MIRITINI 33/11KV SUBSTATION (,33,Available,12,Patch Panel,KPLC,COAST,MIRITINI,10/30/2025,10/30/2025
-3.18768086,40.11161126,SABAKI 33/11KV SUBSTATION ( 3,33,Available,12,Patch Panel,KPLC,COAST,SABAKI,10/30/2025,10/30/2025
-0.645858784,36.38396201,MARULA ( 33 / 11 KV),33,Available,12,Patch Panel,KPLC,CENTRAL RIFT,MARULA FARM,10/30/2025,10/30/2025
-1.147180196,36.96367831,"RUIRU ( 66 / 11,33 KV)",66,Available,12,Patch Panel,KPLC,NAIROBI,RUIRU,10/30/2025,10/30/2025
3.941929404,41.85730906,MANDERA P/STATION ( 0.415 / 1,0.415,Available,12,Patch Panel,KPLC,NAIROBI,MANDERA TOWN,10/30/2025,10/30/2025
2.500582257,39.57252299,ELDAS POWERSTATION ( NONE / 1,,Available,12,Patch Panel,KPLC,MT KENYA,ELDAS TOWN,10/30/2025,10/30/2025
-1.326532847,36.87804211,VILLA FRANCA 66/11KV ( 66 / 1,66,Available,12,Patch Panel,KPLC,NAIROBI,VILLA FRANCA ESTATE,10/30/2025,10/30/2025
0.12207643,35.22935638,KAPSUMBEIYWA 33/11KV  ( 33 /,33,Available,12,Patch Panel,KPLC,NORTH RIFT,KAPSUMBEIWA TEA  FACTORY,10/30/2025,10/30/2025
-0.201386509,35.85117683,RONGAI ( 33 / 11 KV),33,Available,12,Patch Panel,KPLC,CENTRAL RIFT,RONGAI,10/30/2025,10/30/2025
0.217458948,35.29492757,LESSOS 33/11KV ( 33 / 11 KV),33,Available,12,Patch Panel,KPLC,NORTH RIFT,LESSOS S/STATION,10/30/2025,10/30/2025
3.922318168,41.2046196,RHAMU POWER STATION ( NONE /,,Available,12,Patch Panel,KPLC,MT KENYA,RHAMU MKT MANDERA,10/30/2025,10/30/2025
-0.113412376,34.74713806,KISUMU SOUTH  ( 33 / 11 KV),33,Available,12,Patch Panel,KPLC,WEST KENYA,MILIMANI,10/30/2025,10/30/2025
3.517794737,39.05284562,"MOYALE SUBSTATION ( 33 / 11,3",33,Available,12,Patch Panel,KPLC,NAIROBI,MOYALE,10/30/2025,10/30/2025
-1.300136895,36.88549822,"NAIROBI SOUTH ( 66 / 11,66 KV)",66,Available,12,Patch Panel,KPLC,NAIROBI,INDUSTRIAL AREA,10/30/2025,10/30/2025
-3.125332227,39.77931409,BARICHO 33KV METERING STN ( 3,33,Available,12,Patch Panel,KPLC,COAST,BARICHO,10/30/2025,10/30/2025
-1.317847702,36.87429368,ACCURATE STEEL MILLS 66K/11KV,66,Available,12,Patch Panel,KPLC,NAIROBI,FALCON ROAD,10/30/2025,10/30/2025
-3.846004298,39.63259674,ATHI RIVER MINING M/STN RABAI,33,Available,12,Patch Panel,KPLC,COAST,KALOLENI,10/30/2025,10/30/2025
-1.087913105,37.26412779,MUKA MUKUU ( 33 / 11 KV),33,Available,12,Patch Panel,KPLC,MT KENYA,MUKA MUKUU,10/30/2025,10/30/2025
-1.049845611,36.93563583,KIMUNYU ( 33 / 11 KV),33,Available,12,Patch Panel,KPLC,MT KENYA,GATUNDU,10/30/2025,10/30/2025
-0.301899403,36.13842424,LANET  SWITCHING 11/11KV ( 11,11,Available,12,Patch Panel,KPLC,CENTRAL RIFT,LANET S/S,10/30/2025,10/30/2025
3.206913424,41.23621889,KOMOR LIBAN ( 0.415 / 11 KV),0.415,Available,12,Patch Panel,KPLC,MT KENYA,KORMALIBAN,10/30/2025,10/30/2025
-0.907636261,36.3531265,WELLHEAD 914 ( NONE / 33 KV),33,Available,12,Patch Panel,KENGEN,CENTRAL RIFT,OLKARIA,10/30/2025,10/30/2025
-1.173517754,36.85226888,KIU RIVER 66/11KV ( 66 / 11 K,66,Available,12,Patch Panel,KPLC,MT KENYA,Kiambu Kamiti Rd.,10/30/2025,10/30/2025
4.160015312,34.38842334,LOKICHOGIO POWER STATION ( 0.,0.415,Available,12,Patch Panel,KPLC,NORTH RIFT,LOKICHOGIO,10/30/2025,10/30/2025
-0.44880634,35.14823435,KABIANGA ( 33 / 11 KV),33,Available,12,Patch Panel,KPLC,CENTRAL RIFT,BEHIND KABIANGA SHOPPING CENTRE,10/30/2025,10/30/2025
-1.310510526,36.8283497,NAIROBI WEST  BUCKLAYS ( 66 /,66,Available,12,Patch Panel,KPLC,NAIROBI,NAIROBI WEST,10/30/2025,10/30/2025
-1.284582426,36.82567821,CAPITOL ( 11 / 11 KV),11,Available,12,Patch Panel,KPLC,NAIROBI,CITY CENTRE,10/30/2025,10/30/2025
-1.461178104,36.95280211,TRIUMPH 66KV SUBSTATION ( 66,66,Available,12,Patch Panel,KPLC,NAIROBI,ATHI RIVER EPZ,10/30/2025,10/30/2025
-0.510514354,35.03412641,IKONGE ( 33 / 11 KV),33,Available,12,Patch Panel,KPLC,WEST KENYA,IKONGE SURBURBS,10/30/2025,10/30/2025
3.328680942,37.06148379,NORTH HORR POWER STATION ( 0.,0.415,Available,12,Patch Panel,KPLC,MT KENYA,NORTH HORR TOWN,10/30/2025,10/30/2025
-0.576205425,35.19051421,LITEIN ( 33 / 11 KV),33,Available,12,Patch Panel,KPLC,CENTRAL RIFT,LITEIN,10/30/2025,10/30/2025
0.88423254,35.12631954,MOI'S BRIDGE 33/11KV  ( 33 /,33,Available,12,Patch Panel,KPLC,NORTH RIFT,MOI'S BRIDGE,10/30/2025,10/30/2025
-1.166732121,36.64121885,RIRONI 66/11KV SUBSTATION ( 6,66,Available,12,Patch Panel,KPLC,NAIROBI,RIRONI ALONG WAIYAKI WAY,10/30/2025,10/30/2025
-1.301834277,36.83192799,DARA ( 11 / 11 KV),11,Available,12,Patch Panel,KPLC,NAIROBI,INDUSTRIAL  AREA,10/30/2025,10/30/2025
-1.08924654,35.86966318,NAROK ( 33 / 11 KV),33,Available,12,Patch Panel,KPLC,CENTRAL RIFT,NAROK TOWN,10/30/2025,10/30/2025
-3.879794959,39.77204921,DEEP BLUE 33KV METERING S/STN,33,Available,12,Patch Panel,KPLC,COAST,KIKAMBALA,10/30/2025,10/30/2025
-0.887881405,36.25334511,ORPOWER INC ( 220 / 220 KV),220,Available,12,Patch Panel,PRIVATE,CENTRAL RIFT,OLKARIA,10/30/2025,10/30/2025
1.599946287,37.80094547,LAISAMIS P/STATION ( 0.415 /,0.415,Available,12,Patch Panel,KPLC,NAIROBI,LAISAMIS TOWN,10/30/2025,10/30/2025
-0.887406227,36.25597804,ORPOWER INC [EARLY GENERATION,33,Available,12,Patch Panel,PRIVATE,CENTRAL RIFT,OLKARIA,10/30/2025,10/30/2025
0.397746627,35.07949841,KABIYET 33/11KV   ( 33 / 11 K,33,Available,12,Patch Panel,KPLC,NORTH RIFT,KABIYET MARKET,10/30/2025,10/30/2025
-4.065908875,39.66177829,MBARAKI 33/11KV SUBSTATION (,33,Available,12,Patch Panel,KPLC,COAST,MBARAKI,10/30/2025,10/30/2025
-0.930895895,37.168898,"MAKUYU SUBSTATION ( 33 / 11,3",33,Available,12,Patch Panel,KPLC,MT KENYA,MAKUYU,10/30/2025,10/30/2025
1.090961838,35.07831655,CHERANGANYI 33/11KV ( 33 / 11,33,Available,12,Patch Panel,KPLC,NORTH RIFT,MAILI SABA,10/30/2025,10/30/2025
0.101822154,34.50599995,NYAMNINIA ( 33 / 11 KV),33,Available,12,Patch Panel,KPLC,WEST KENYA,YALA,10/30/2025,10/30/2025
-0.074422133,34.82155039,KIBOS 33/11KV ( 33 / 11 KV),33,Available,12,Patch Panel,KPLC,WEST KENYA,KIBOS OFF CHIGA ROAD,10/30/2025,10/30/2025
3.957750137,40.3466017,BANISA POWER STATION ( 0.415,0.415,Available,12,Patch Panel,KPLC,MT KENYA,BANISA,10/30/2025,10/30/2025
-0.246578114,35.46301776,CHEPSEON  ( 33 / 11 KV),33,Available,12,Patch Panel,KPLC,CENTRAL RIFT,CHEPSEON,10/30/2025,10/30/2025
2.12247065,35.48853138,KALEMNGOROK 66/33KV  ( 66 / 3,66,Available,12,Patch Panel,KPLC,NORTH RIFT,KALEMNGOROK,10/30/2025,10/30/2025
0.026323381,36.36513212,NYAHURURU 33/11 SUBSTATION (,33,Available,12,Patch Panel,KPLC,CENTRAL RIFT,NEXT TO NYAHURURU TOWN,10/30/2025,10/30/2025
-0.150096169,35.18519048,MUHORONI 33/11KV ( 33 / 11 KV),33,Available,12,Patch Panel,KPLC,WEST KENYA,NEXT MUHORONI S. FACT,10/30/2025,10/30/2025
-0.987926593,36.59356822,MAI MAHIU 66/11 SUB STATION (,66,Available,12,Patch Panel,KPLC,NAIROBI,MAI MAHIU TOWN,10/30/2025,10/30/2025
-0.407294575,36.99405427,GAMEROCK 33/11 ( 33 / 11 KV),33,Available,12,Patch Panel,KPLC,MT KENYA,KIGANJO,10/30/2025,10/30/2025
-0.651233788,36.48806035,ENGINEER VIRTUAL BOUNDARY ( 3,33,Available,12,Patch Panel,KPLC,CENTRAL RIFT,NYS KARATI,10/30/2025,10/30/2025
0.583374611,35.30918774,CHEPKOILEL 33/11KV ( 33 / 11,33,Available,12,Patch Panel,KPLC,NORTH RIFT,CHEPKOILEL,10/30/2025,10/30/2025
-3.902890294,39.78659879,KIKAMBALA 33/11KV SUBSTATION,33,Available,12,Patch Panel,KPLC,COAST,KIKAMBALA,10/30/2025,10/30/2025
-4.041289702,39.64983808,MAKANDE 33/11KV SUBSTATION  (,"11,33",Available,12,Patch Panel,KPLC,COAST,MAKANDE,10/30/2025,10/30/2025
3.112277703,35.6072523,LODWAR POWER STATION ( 0.415,0.415,Available,12,Patch Panel,KPLC,NORTH RIFT,KANAMKEMER,10/30/2025,10/30/2025
0.506351742,35.29987988,ELDORET INDUSTRIAL 33/11KV (,33,Available,12,Patch Panel,KPLC,NORTH RIFT,INDUSTRIAL AREA,10/30/2025,10/30/2025
1.936590236,36.01782178,LOKORI  POWER STATION ( 0.415,0.415,Available,12,Patch Panel,KPLC,NORTH RIFT,LOKORI,10/30/2025,10/30/2025
0.053096915,40.28617527,DADAAB POWER STATION ( NONE /,,Available,12,Patch Panel,KPLC,MT KENYA,DADAAB,10/30/2025,10/30/2025
-0.666682375,37.21214076,SAGANA ( 33 / 11 KV),33,Available,12,Patch Panel,KPLC,MT KENYA,SAGANA TOWN,10/30/2025,10/30/2025
-1.314309801,36.72126585,"KAREN ( 66 / 11,66 KV)",66,Available,12,Patch Panel,KPLC,NAIROBI,KAREN,10/30/2025,10/30/2025
-3.506305127,38.36801504,MWATATE 33/11KV SUBSTATION (,33,Available,12,Patch Panel,KPLC,COAST,MWATATE,10/30/2025,10/30/2025
-1.280886828,36.80874905,MAMLAKA 66/11KV SUBSTATION (,66,Available,12,Patch Panel,KPLC,NAIROBI,KIVEMIA-DOROBO ROAD JXN,10/30/2025,10/30/2025
0.464710195,35.9773916,MARIGAT 33/11KV ( 33 / 11 KV),33,Available,12,Patch Panel,KPLC,CENTRAL RIFT,MARIGAT MARKET,10/30/2025,10/30/2025
-4.06763241,39.67100629,KIMATHI 11KV SWITCHING SUBSTA,11,Available,12,Patch Panel,KPLC,COAST,TOWN CENTRE,10/30/2025,10/30/2025
-1.381053759,36.63558516,NGONG HILLS 11/66KV WIND POWE,11,Available,12,Patch Panel,KENGEN,NAIROBI,NGONG HILLS,10/30/2025,10/30/2025
0.546554661,35.17785551,SOSIANI  ( 0.415 / 11 KV),0.415,Available,12,Patch Panel,KENGEN,NORTH RIFT,SOSIAN FALLS,10/30/2025,10/30/2025
-1.041105568,37.08003941,"THIKA ( 66 / 11,33 KV)",66,Available,12,Patch Panel,KPLC,MT KENYA,THIKA,10/30/2025,10/30/2025
-1.334426294,36.92562087,JKIA 66/11KV SUBSTATION ( 66,66,Available,12,Patch Panel,KPLC,NAIROBI,AIRPORT S ROAD,10/30/2025,10/30/2025
-0.90949795,34.34805687,GOGO FALLS ( 11 / 33 KV),11,Available,12,Patch Panel,KENGEN,WEST KENYA,GOGO GENERATION STATION,10/30/2025,10/30/2025
0.070164378,37.04131114,KAHURURA 33/11 SUBSTATION ( 3,33,Available,12,Patch Panel,KPLC,MT KENYA,NANYUKI AIRBASE,10/30/2025,10/30/2025
-1.004903006,34.88337455,KILGORIS 33/11 SUBSTATION ( 3,33,Available,12,Patch Panel,KPLC,CENTRAL RIFT,KILGORIS TOWN,10/30/2025,10/30/2025
3.694686175,34.92669179,KAKUMA POWER STATION ( 0.415,0.415,Available,12,Patch Panel,KPLC,NORTH RIFT,KAKUMA TOWN,10/30/2025,10/30/2025
-1.520929176,37.23722158,MACHAKOS ( 33 / 11 KV),33,Available,12,Patch Panel,KPLC,NAIROBI,MACHAKOS,10/30/2025,10/30/2025
0.084035674,37.32768237,EMBORI ( 33 / 11 KV),33,Available,12,Patch Panel,KPLC,MT KENYA,EMBORI,10/30/2025,10/30/2025
-0.475205495,37.2467592,KAGUMO SUB ( 33 / 11 KV),33,Available,12,Patch Panel,KPLC,MT KENYA,KAGUMO,10/30/2025,10/30/2025
-1.279117407,36.89542865,UMOJA ( 66 / 11 KV),66,Available,12,Patch Panel,KPLC,NAIROBI,UMOJA 2,10/30/2025,10/30/2025
0.124746717,34.73738643,CHAVAKALI  ( 33 / 11 KV),33,Available,12,Patch Panel,KPLC,WEST KENYA,CHAVAKALI,10/30/2025,10/30/2025
-1.641801802,36.87814518,"KISAJU 66/11 KV ( 11,66 / 11","11,66",Available,12,Patch Panel,KPLC,NAIROBI,KISAJU TOWN,10/30/2025,10/30/2025
-2.932478617,37.50717023,LOITOKTOK 33/11KV SUBSTATION,33,Available,12,Patch Panel,KPLC,NAIROBI,LOITOKITOK TOWN,10/30/2025,10/30/2025
1.024694203,39.50643748,HABASWEIN ( NONE / NONE KV),,Available,12,Patch Panel,KPLC,MT KENYA,HABASWEIN,10/30/2025,10/30/2025
0.302074298,34.20563557,"BUMALA ( 33 / 11,33 KV)",33,Available,12,Patch Panel,KPLC,WEST KENYA,BUMALA,10/30/2025,10/30/2025
-0.620838826,35.28128044,MOGOGOSIEK ( 33 / 11 KV),33,Available,12,Patch Panel,KPLC,CENTRAL RIFT,NEXT TO SASETA GIRLS,10/30/2025,10/30/2025
-1.25617316,36.82063533,HIGHRIDGE ( 66 / 11 KV),66,Available,12,Patch Panel,KPLC,NAIROBI,HIGHRIDGE,10/30/2025,10/30/2025
-1.255185957,36.96834363,RUAI ( 66 / 11 KV),66,Available,12,Patch Panel,KPLC,NAIROBI,KAGUNDO ROAD,10/30/2025,10/30/2025
-3.568300977,38.76699124,MAUNGU  ( 33 / 11 KV),33,Available,12,Patch Panel,KPLC,COAST,KPC MAUNGU STATION,10/30/2025,10/30/2025
-0.237047883,35.72985106,MOLO SUBSTATION ( 33 / 11 KV),33,Available,12,Patch Panel,KPLC,CENTRAL RIFT,MOLO - KIBUNJA RD,10/30/2025,10/30/2025
-0.532394974,34.72777216,MOSOCHO  ( 33 / 11 KV),33,Available,12,Patch Panel,KPLC,WEST KENYA,OYUGIS TOWN,10/30/2025,10/30/2025
-0.673985418,34.78559366,KISII EAST   ( 33 / 11 KV),33,Available,12,Patch Panel,KPLC,WEST KENYA,JOGOO AREA,10/30/2025,10/30/2025
-1.031350425,36.48131427,NAIVASHA ECONOMIC ZONE ( 66 /,66,Available,12,Patch Panel,KPLC,CENTRAL RIFT,NAIVASHA,10/30/2025,10/30/2025
-2.381834626,40.70644886,MPEKETONI POWER STATION .415/,0.415,Available,12,Patch Panel,KPLC,COAST,MPEKETONI TOWN,10/30/2025,10/30/2025
1.460858506,35.37021005,ORTUM  ( 33 / 11 KV),33,Available,12,Patch Panel,KPLC,NORTH RIFT,ORTUM,10/30/2025,10/30/2025
-1.173969739,36.93480704,THIKA ROAD (K.U) 220/66KV S/S,220,Available,12,Patch Panel,KPLC,NAIROBI,RUIRU,10/30/2025,10/30/2025
-1.487267075,40.02579475,HOLA 33/11KV ( 33 / 11 KV),33,Available,12,Patch Panel,KPLC,COAST,HOLA,10/30/2025,10/30/2025
-3.552814681,39.87690389,MTONDIA SUB STN  ( 33 / 11 KV),33,Available,12,Patch Panel,KPLC,COAST,MTONDIA KWA CHOKWE,10/30/2025,10/30/2025
-0.195453989,36.15365883,BAHATI  33/11KV  S/STN ( 33 /,33,Available,12,Patch Panel,KPLC,CENTRAL RIFT,BAHATI,10/30/2025,10/30/2025
0.019010564,34.59629571,MASENO 33/11KV ( 33 / 11 KV),33,Available,12,Patch Panel,KPLC,WEST KENYA,OFF KISUMU-BUSIA ROAD,10/30/2025,10/30/2025
-1.449145651,36.96685184,"ATHI ( 66 / 11,33 KV)",66,Available,12,Patch Panel,KPLC,NAIROBI,ATHIRIIVER  TOWN,10/30/2025,10/30/2025
-2.673667213,38.15301743,MTITO  ANDEI  ( 33 / 11 KV),33,Available,12,Patch Panel,KPLC,NAIROBI,MTITO ANDEI KANYAMBU,10/30/2025,10/30/2025
0.226805541,34.51731212,BUTERE  ( 33 / 11 KV),33,Available,12,Patch Panel,KPLC,WEST KENYA,BUTERE,10/30/2025,10/30/2025
-0.198732335,36.05550717,MENENGAI  ( NONE / 132 KV),132,Available,15,Direct Tap,KETRACO,CENTRAL RIFT,MENENGAI CREATER,10/30/2025,10/30/2025
0.637171201,34.11850715,"TORORO  ( 11 / 11,33,132, KV)","11,33,132,",Available,15,Direct Tap,PRIVATE,WEST KENYA,TORORO,10/30/2025,10/30/2025
-4.04012191,39.63672471,"KIPEVU  132/33/11KV T/STN ( 132 / 11,33 KV)","11,33",Available,15,Direct Tap,KPLC,COAST,KIPEVU,10/30/2025,10/30/2025
-3.984034895,39.69031181,NEW BAMBURI 132/33/11KV T/ STN ( 132 / 132 KV),132,Available,15,Direct Tap,KPLC,COAST,KIEMBENI,10/30/2025,10/30/2025
-0.864535649,36.29848004,"OLKARIA II ( 132 / 132,220 KV)","132,220",Available,15,Direct Tap,KPLC,CENTRAL RIFT,OLKARIA,10/30/2025,10/30/2025
-1.254661238,36.9056361,"JUJA  SUBSTATION ( 132 / 132,66 KV)","132,66",Available,15,Direct Tap,KPLC,NAIROBI,DANDORA,10/30/2025,10/30/2025
-1.062031083,37.0511979,MANGU  ( 132 / 66 KV),66,Available,15,Direct Tap,KPLC,MT KENYA,THIKA ROAD,10/30/2025,10/30/2025
1.912081914,35.35988054,SARMACH 220/66/11KV ( 220 / 66 KV),66,Available,15,Direct Tap,KPLC,NORTH RIFT,TURKWELL,10/30/2025,10/30/2025
-0.783940034,37.26538674,TANA 33/11 SUBSTATION  ( 33 / 11 KV),11,Available,15,Direct Tap,KPLC,MT KENYA,TANA,10/30/2025,10/30/2025
-1.092066891,35.92112538,NAROK 132/33KV SUBSTATION ( 132 / 33 KV),33,Available,15,Direct Tap,KETRACO,CENTRAL RIFT,NAROK,10/30/2025,10/30/2025
1.010537015,35.05302251,KITALE 220/132KV SUBSTATION ( 220 / 132 KV),132,Available,15,Direct Tap,KETRACO,NORTH RIFT,NAISAMBU,10/30/2025,10/30/2025
-0.805075158,37.68556753,"KAMBURU 132 KV SUBSTATION ( 11,132 / 33,132 KV)","33,132",Available,15,Direct Tap,KENGEN,MT KENYA,KAMBURU DAM,10/30/2025,10/30/2025
-0.878721672,37.58878464,MASINGA 132KV ( 132 / 11 KV),11,Available,15,Direct Tap,KENGEN,MT KENYA,MASINGA DAM,10/30/2025,10/30/2025
-2.045433608,37.41831733,SULTAN HAMUD 132/33KV ( 132 / 33 KV),33,Available,15,Direct Tap,KPLC,NAIROBI,SULTAN HAMUD,10/30/2025,10/30/2025
-2.687903255,38.15876108,MTITO ANDEI 132/3.3/11KV T/STN ( 132 / 3.3 KV),3.3,Available,15,Direct Tap,KPLC,NAIROBI,KPC PUMPING STATION - MTITO ANDEI,10/30/2025,10/30/2025
-1.650754972,37.18990016,"KONZA 132/33 KV SUBSTATION ( 132 / 33,132 KV)","33,132",Available,15,Direct Tap,KETRACO,NAIROBI,KONZA,10/30/2025,10/30/2025
0.245551071,36.5067269,RUMURUTI 132/33KV SUBSTATION ( 132 / 33 KV),33,Available,15,Direct Tap,KPLC,CENTRAL RIFT,RUMURUTI,10/30/2025,10/30/2025
-2.06520645,37.42883124,NEW KENYA PIPELINE SULTAN HAMUD ( 132 / 33 KV),33,Available,15,Direct Tap,KPLC,NAIROBI,SULTAN HAMUD TOWN,10/30/2025,10/30/2025
-0.032335107,34.82954917,"KIBOS 220/132/33KV SUBSTATION ( 220 / 33,132 KV)","33,132",Available,15,Direct Tap,KETRACO,WEST KENYA,KIBOS,10/30/2025,10/30/2025
-1.773992756,36.83267694,"ISINYA 220/132/33KV ( 132,220 / 33 KV)",33,Available,15,Direct Tap,KETRACO,NAIROBI,KAJIADO NEARUMMA UNIVERSITY,10/30/2025,10/30/2025
-1.773992613,36.83255549,0 ( 132 / 33 KV),33,Available,15,Direct Tap,KETRACO,NAIROBI,NAMANGA,10/30/2025,10/30/2025
1.009542265,35.05318623,KITALE 132/33KV SUBSTATION ( 132 / 33 KV),33,Available,15,Direct Tap,KETRACO,NORTH RIFT,KIBOMET,10/30/2025,10/30/2025
-1.216474519,36.89436923,"RUARAKA SUBSTATION ( 132,66 / 11,66 KV)","11,66",Available,15,Direct Tap,KPLC,NAIROBI,RUARAKA,10/30/2025,10/30/2025
-0.778826011,35.28356816,BOMET 132/33 SUBSTATION ( 132 / 33 KV),33,Available,15,Direct Tap,KETRACO,CENTRAL RIFT,KAPKWEN,10/30/2025,10/30/2025
0.218031433,35.29504892,"LESSOS 132/33KV  ( 132 / 33,132 KV)","33,132",Available,15,Direct Tap,KPLC,NORTH RIFT,LESSOS,10/30/2025,10/30/2025
-0.489004614,35.16510674,CHEMOSIT ( 132 / 33 KV),33,Available,15,Direct Tap,KPLC,CENTRAL RIFT,CHEMOSIT MRKT,10/30/2025,10/30/2025
-1.296451782,36.82675952,CITY CENTER 220KV ( 220 / 66 KV),66,Available,15,Direct Tap,KPLC,NAIROBI,Along Workshop Rd.,10/30/2025,10/30/2025
-1.261472424,36.91527383,DANDORA ( 220 / 132 KV),132,Available,15,Direct Tap,KPLC,NAIROBI,DANDORA,10/30/2025,10/30/2025
-2.560995612,36.82647591,NAMANGA 132/33KV ( 132 / 33 KV),33,Available,15,Direct Tap,KETRACO,NAIROBI,NAMANGA,10/30/2025,10/30/2025
-2.228538375,37.72522174,KIBOKO SUBSTATION ( 132 / 33 KV),33,Available,15,Direct Tap,KPLC,NAIROBI,KIBOKO  RANGE,10/30/2025,10/30/2025
-1.064920298,36.35616411,SUSWA 22OKV STABILIZING STN ( 220 / 220 KV),220,Available,15,Direct Tap,KETRACO,CENTRAL RIFT,NEAR SUSWA TOWN,10/30/2025,10/30/2025
-1.563608196,37.24710165,KATOLONI 132/33 KV SUBSTATION ( 132 / 33 KV),33,Available,15,Direct Tap,KETRACO,NAIROBI,MACHAKOS COUNTY,10/30/2025,10/30/2025
-0.806573058,37.68766918,"KAMBURU 220 KV SUBSTATION ( 132,220 / 220 KV)",220,Available,15,Direct Tap,KPLC,MT KENYA,NEXT TO KAMBURU DAM,10/30/2025,10/30/2025
-4.320737089,39.54478627,GALU 132/33KV TRANSMISSION S/STN ( 132 / 33 KV),33,Available,15,Direct Tap,KPLC,COAST,UKUNDA,10/30/2025,10/30/2025
-1.768737535,37.61270903,WOTE 132 /33 SUBSTATION ( 132 / 33 KV),33,Available,15,Direct Tap,KETRACO,NAIROBI,WOTE,10/30/2025,10/30/2025
-2.689216411,38.15701814,KPC PUMPING STATION - MTITO ANDEI ( 132 / 3.3 KV),3.3,Available,15,Direct Tap,KPLC,NAIROBI,KPC PUMPING STATION - MTITO ANDEI,10/30/2025,10/30/2025
-1.340101513,36.87387388,EMBAKASI  ( 220 / 66 KV),66,Available,15,Direct Tap,KPLC,NAIROBI,EMBAKASI,10/30/2025,10/30/2025
-1.130452909,34.55500184,MASABA 132/33KV STATION ( 132 / 33 KV),33,Available,15,Direct Tap,KETRACO,WEST KENYA,MASABA,10/30/2025,10/30/2025
-1.458164113,36.95519759,ATHI RIVER220/66 KV SUBSTATION ( 220 / 66 KV),66,Available,15,Direct Tap,KPLC,NAIROBI,ATHI RIVER NORTH,10/30/2025,10/30/2025
-2.878223252,37.5251119,LOITOKTOK 132/33 KV ( 132 / 33 KV),33,Available,15,Direct Tap,KPLC,NAIROBI,LOITOKTOK,10/30/2025,10/30/2025
-2.389826112,37.54647204,SIMBA CEMENT 132 KV ( 132 / 33 KV),33,Available,15,Direct Tap,KPLC,NAIROBI,SIMBA CEMENT,10/30/2025,10/30/2025
-0.281551316,36.0379163,NAKURU WEST (SOILO)  SUBSTATION ( 132 / 33 KV),33,Available,15,Direct Tap,KPLC,CENTRAL RIFT,SOILO,10/30/2025,10/30/2025
0.104402802,37.6857043,KAITHE MERU 132 SUBSTATION ( 132 / 33 KV),33,Available,15,Direct Tap,KPLC,MT KENYA,mERU,10/30/2025,10/30/2025
-0.431258738,37.02866316,KIGANJO SUBSTATION ( 132 / 33 KV),33,Available,15,Direct Tap,KPLC,MT KENYA,KIGANJO,10/30/2025,10/30/2025
-0.810522119,37.81316504,KINDARUMA SUB STATION  ( 11 / 132 KV),132,Available,15,Direct Tap,KPLC,MT KENYA,KINDARUMA ROAD,10/30/2025,10/30/2025
-0.785995047,37.26544375,TANA SUBSTATION ( 11 / 66 KV),66,Available,15,Direct Tap,KENGEN,MT KENYA,TANA  BRIDGE,10/30/2025,10/30/2025
-0.063616128,35.64951411,MAKUTANO 132/33 SUB STATION ( 132 / 33 KV),33,Available,15,Direct Tap,KPLC,CENTRAL RIFT,MAKUTANO RAVINE LONDIANI JNC,10/30/2025,10/30/2025
-0.353350053,34.81350526,SANGORO 11/132KV ( 33 / 132 KV),132,Available,15,Direct Tap,KPLC,WEST KENYA,SANGORO,10/30/2025,10/30/2025
-0.794607232,37.75214373,"GITARU STATION ( 15 / 132,220 KV)","132,220",Available,15,Direct Tap,KPLC,MT KENYA,GITARU,10/30/2025,10/30/2025
-0.211790119,35.15087299,"MUHORONI 132/33KV ( 132 / 33,132 KV)","33,132",Available,15,Direct Tap,KPLC,WEST KENYA,NEXT THESALIA,10/30/2025,10/30/2025
-3.932978989,39.55945835,"RABAI 400/200/132/33KV T/STN ( 220 / 33,132 KV)","33,132",Available,15,Direct Tap,KPLC,COAST,RABAI,10/30/2025,10/30/2025
0.361522562,34.50312069,MUMIAS 132KV SUBSTATION ( 11 / 132 KV),132,Available,15,Direct Tap,PRIVATE,WEST KENYA,MUMIAS SUGAR FACTORY,10/30/2025,10/30/2025
-0.058634368,34.78236532,KISUMU ( 132 / 33 KV),33,Available,15,Direct Tap,KPLC,WEST KENYA,MAMBOLEO,10/30/2025,10/30/2025
-0.648043077,34.45609623,NDHIWA 132/33 KV SUBSTATION ( 132 / 33 KV),33,Available,15,Direct Tap,KETRACO,WEST KENYA,ONGENG SHOPPING CENTRE,10/30/2025,10/30/2025
-0.342655486,34.85210006,SONDU MIRIU 132 ( 11 / 132 KV),132,Available,15,Direct Tap,KPLC,WEST KENYA,KENDU BAY,10/30/2025,10/30/2025
-2.689447029,38.15837446,MTITO ANDEI 132/3.3/11KV T/STN ( 132 / 3.3 KV),3.3,Available,15,Direct Tap,KPLC,NAIROBI,KPC PUMPING STATION - MTITO ANDEI,10/30/2025,10/30/2025
-0.888279431,36.30751639,OLKARIA 1AU 200KV ( 33 / 220 KV),220,Available,15,Direct Tap,KENGEN,CENTRAL RIFT,OLKARIA,10/30/2025,10/30/2025
0.155149733,34.33107639,RANGALA 132/33KV ( 132 / 33 KV),33,Available,15,Direct Tap,KPLC,WEST KENYA,RANGALA,10/30/2025,10/30/2025
0.588568327,34.78482847,WEBUYE 132KV ( 132 / 132 KV),132,Available,15,Direct Tap,KPLC,WEST KENYA,WEBUYE PAN PAPER,10/30/2025,10/30/2025
0.500939632,35.26310811,ELDORET 132/33KV ( 132 / 33 KV),33,Available,15,Direct Tap,KPLC,NORTH RIFT,NEAR RIVATEX FACTORY -ELDORET,10/30/2025,10/30/2025
-0.893776799,36.30731463,OLKARIA I. ( 33 / 132 KV),132,Available,15,Direct Tap,KENGEN,CENTRAL RIFT,OLKARIA I GEOTHERMAL STATION,10/30/2025,10/30/2025
-0.495066524,37.8386489,"ISHIARA 132/33KV SUBSTATION ( 132 / 33,132 KV)","33,132",Available,15,Direct Tap,REA,MT KENYA,ISHIARA,10/30/2025,10/30/2025
-3.390717476,38.57153229,"VOI 132/33/11KV TRANSMISSION STN ( 132 / 11,33 KV)","11,33",Available,15,Direct Tap,KPLC,COAST,VOI TOWN,10/30/2025,10/30/2025
-0.002024857,37.06854841,NANYUKI SUBSTATION ( 132 / 33 KV),33,Available,15,Direct Tap,KPLC,MT KENYA,NANYUKI TOWN,10/30/2025,10/30/2025
-1.173664507,36.93474971,"THIKA 220/66KV STATION ( 220 / 11,66 KV)","11,66",Available,15,Direct Tap,KPLC,NAIROBI,KU,10/30/2025,10/30/2025
-2.324705398,40.10695134,GARSEN TRANSMISSION S/STN ( 220 / 33 KV),33,Available,15,Direct Tap,KETRACO,COAST,GARSEN-HOLA RD,10/30/2025,10/30/2025
-0.891274442,34.52438129,AWENDO 132/33KV STATION ( 132 / 33 KV),33,Available,15,Direct Tap,KETRACO,WEST KENYA,AWENDO TOWN,10/30/2025,10/30/2025
-0.303344241,36.13901252,"LANET SUBSTATION ( 132 / 11,33 KV)","11,33",Available,15,Direct Tap,KPLC,CENTRAL RIFT,NAKURU TOWN,10/30/2025,10/30/2025
-1.182360386,36.71702105,NAIROBI NORTH ( 220 / 66 KV),66,Available,15,Direct Tap,KPLC,NAIROBI,NDENDERU - KIAMBU,10/30/2025,10/30/2025
1.911630659,35.35715602,TURKWELL ( 11 / 220 KV),220,Available,15,Direct Tap,KPLC,NORTH RIFT,TURKWELL,10/30/2025,10/30/2025
-0.379457357,39.62404566,GARISSA 132/11 KV SUBSTATION ( 132 / 11 KV),11,Available,15,Direct Tap,KETRACO,MT KENYA,GARISSA,10/30/2025,10/30/2025
-0.949616377,38.03318293,MWINGI 132/33 KV  SUBSTATION ( 132 / 33 KV),33,Available,15,Direct Tap,KPLC,MT KENYA,MWINGI,10/30/2025,10/30/2025
0.451351067,34.72970989,"MUSAGA ( 132 / 33,132 KV)","33,132",Available,15,Direct Tap,KPLC,WEST KENYA,MUSAGA,10/30/2025,10/30/2025
-1.308273316,37.94621319,KITUI 132/33 SUBSTATION ( 132 / 33 KV),33,Available,15,Direct Tap,KETRACO,MT KENYA,"KATHIVO, KITUI",10/30/2025,10/30/2025
-0.599782787,37.88867164,KIAMBERE SUBSTATION ( 11 / 220 KV),220,Available,15,Direct Tap,KPLC,MT KENYA,KIAMBERE,10/30/2025,10/30/2025
1.448281804,35.36270334,ORTUM 220/33KV ( 220 / 33 KV),33,Available,15,Direct Tap,KETRACO,NORTH RIFT,ORTUM,10/30/2025,10/30/2025
-0.798078814,36.46178153,NAIVASHA SUBSTATION ( 132 / 33 KV),33,Available,15,Direct Tap,KPLC,CENTRAL RIFT,MAI MAHUI NAIVASHA,10/30/2025,10/30/2025
-0.427197495,37.61728198,KYIENI 132/33KV SUBSTATION ( 132 / 33 KV),33,Available,15,Direct Tap,KPLC,MT KENYA,KYIENI,10/30/2025,10/30/2025
-0.91866314,36.33371902,OLKARIA 4   11/ 200KV ( 11 / 220 KV),220,Available,15,Direct Tap,KENGEN,CENTRAL RIFT,OLKARIA,10/30/2025,10/30/2025
-0.548108288,37.39229647,KUTUS 132/33KV  ( 132 / 33 KV),33,Available,15,Direct Tap,KPLC,MT KENYA,DEFATHERS,10/30/2025,10/30/2025
-0.710817646,36.87622012,GITHAMBO 132/33KV SSTN ( 132 / 33 KV),33,Available,15,Direct Tap,KPLC,MT KENYA,GITHAMBO,10/30/2025,10/30/2025
-3.208662057,39.97821256,KAKUYUNI  220/33KV TRANS/STN ( 220 / 33 KV),33,Available,15,Direct Tap,KPLC,COAST,MALINDI- KAKUYUNI RD,10/30/2025,10/30/2025
-0.992582533,36.84617806,GATUNDU 132/33/11 ( 132 / 33 KV),33,Available,15,Direct Tap,KETRACO,MT KENYA,KIGANJO,10/30/2025,10/30/2025
-0.712701841,34.82935513,KEGATI ( 132 / 33 KV),33,Available,15,Direct Tap,KPLC,WEST KENYA,KEGATI-KISII,10/30/2025,10/30/2025
-3.996837081,39.603829,JOMVU 132/33 KV ( 132 / 33 KV),33,Available,15,Direct Tap,KPLC,COAST,JOMVU,10/30/2025,10/30/2025
0.476331993,35.76768603,KABARNET 132/33KV ( 132 / 33 KV),33,Available,15,Direct Tap,KPLC,CENTRAL RIFT,KASOIYO,10/30/2025,10/30/2025
0.219495739,35.29523748,LESSOS 220/132 KV  ( 220 / 132 KV),132,Available,15,Direct Tap,KPLC,NORTH RIFT,LESSOS,10/30/2025,10/30/2025
-1.333489237,36.60305699,KIMUKA 220/66KV SUBSTATION ( 220 / 66 KV),66,Available,15,Direct Tap,KETRACO,NAIROBI,KIMUKA AREA,10/30/2025,10/30/2025
0.252111119,37.5418858,ISIOLO 132/33KV  ( 132 / 33 KV),33,Available,15,Direct Tap,KETRACO,MT KENYA,ISIOLO,10/30/2025,10/30/2025
-2.064564438,37.43015396,KENYA PIPELINE SULTAN HAMUD ( 132 / 33 KV),33,Available,15,Direct Tap,KPLC,NAIROBI,SULTAN HAMUD TOWN,10/30/2025,10/30/2025
-3.614966021,38.84364342,MAUNGU 132/33KV ( 132 / 33 KV),33,Available,15,Direct Tap,KPLC,COAST,MAUNGU,10/30/2025,10/30/2025
-0.697048539,35.07503901,SOTIK SWITCHING  SUBSTATION ( 132 / 132 KV),132,Available,15,Direct Tap,KETRACO,CENTRAL RIFT,CHEBILAT,10/30/2025,10/30/2025
-2.201283826,40.78268196,LAMU 220/33KV TRANSMISSSION S/STN ( 220 / 33 KV),33,Available,15,Direct Tap,KPLC,COAST,MPEKETONI-MKOWE RD,10/30/2025,10/30/2025
-3.622931518,39.84664836,"KILIFI 132/33/11KV TRANS/STN ( 33,132 / 11,33 KV)","11,33",Available,15,Direct Tap,KPLC,COAST,KILIFI TOWN,10/30/2025,10/30/2025
